Título,Nota,URL,Etiquetas,Comentario
,,,,
"Restaurante Mindelle(Coreana,China)",,"https://www.google.com/maps/place/Restaurante+Mindelle(Coreana,China)/data=!4m2!3m1!1s0xd422938dd130219:0x8679132a13dbbd57",,
Sasa' pizzería,,https://www.google.com/maps/place/Sasa'+pizzer%C3%ADa/data=!4m2!3m1!1s0xd42276c9757f8eb:0xe32d879b4ddc04f0,,
Sal Mestiza,,https://www.google.com/maps/place/Sal+Mestiza/data=!4m2!3m1!1s0xd42299e40ed7c51:0xccd8845b5abe4b42,,
Barracuda l Restaurante Mexicano Madrid,sello copil,https://www.google.com/maps/place/Barracuda+l+Restaurante+Mexicano+Madrid/data=!4m2!3m1!1s0xd422984f8620365:0x28649cbfab22b39f,,
Los Aguachiles Jorge Juan,,https://www.google.com/maps/place/Los+Aguachiles+Jorge+Juan/data=!4m2!3m1!1s0xd4229f4f7bdb79d:0xf7607fa423f2abc8,,
Mexcalista | Comida Mexicana | Mezcales y Tequilas,sello copil,https://www.google.com/maps/place/Mexcalista+%7C+Comida+Mexicana+%7C+Mezcales+y+Tequilas/data=!4m2!3m1!1s0xd42290c68123a25:0x54d8fd7e2833a3aa,,
La Leña de Cobo,,https://www.google.com/maps/place/La+Le%C3%B1a+de+Cobo/data=!4m2!3m1!1s0xd418b0055fbbbc1:0x994d83fcf8e7b418,,
Baovan - House of Specialty Baos,,https://www.google.com/maps/place/Baovan+-+House+of+Specialty+Baos/data=!4m2!3m1!1s0xd4229e1e61947c9:0x3cab70fdd267fb8,,
Pizza Natura,,https://www.google.com/maps/place/Pizza+Natura/data=!4m2!3m1!1s0xd42296029b81da9:0x1d06f72ad24034e9,,
Viva Chapata,,https://www.google.com/maps/place/Viva+Chapata/data=!4m2!3m1!1s0xd4227a17813b1cb:0xe6dac45341f715e0,,
shlen,,https://www.google.com/maps/place/shlen/data=!4m2!3m1!1s0xd42296e84b85ae9:0x28e03bd40fb9d491,,
La Huerta Funky Castizo,,https://www.google.com/maps/place/La+Huerta+Funky+Castizo/data=!4m2!3m1!1s0xd4229baea205c7b:0x25d8571b1c370233,,
Viva Madrid,,https://www.google.com/maps/place/Viva+Madrid/data=!4m2!3m1!1s0xd4229829ef256e9:0x1a02ee064235b00e,,
"Musgo, Distrito Vegano Castizo",,"https://www.google.com/maps/place/Musgo,+Distrito+Vegano+Castizo/data=!4m2!3m1!1s0xd42262c6f133fdb:0xce949b40e1f1591d",,
El Gran Asador Lecanda,carn,https://www.google.com/maps/place/El+Gran+Asador+Lecanda/data=!4m2!3m1!1s0xd42292da9f65bad:0x9dda6f562f5ecbd2,,
Leña Madrid. Las brasas x Dani García,carne,https://www.google.com/maps/place/Le%C3%B1a+Madrid.+Las+brasas+x+Dani+Garc%C3%ADa/data=!4m2!3m1!1s0xd4229fb990d1353:0x658a515697c80898,,
Charrúa Madrid,carne,https://www.google.com/maps/place/Charr%C3%BAa+Madrid/data=!4m2!3m1!1s0xd4228856a6c9637:0x8673b16903da6e51,,
Raza Madrid Barquillo,carne,https://www.google.com/maps/place/Raza+Madrid+Barquillo/data=!4m2!3m1!1s0xd422916ec9446e9:0xc675afe1cbccc65c,,
Pelotari,Carne,https://www.google.com/maps/place/Pelotari/data=!4m2!3m1!1s0xd42289a8d2d74cb:0x2b6420709612ce53,,
Rocacho,carne,https://www.google.com/maps/place/Rocacho/data=!4m2!3m1!1s0xd42291ede3e50dd:0xf28808075aa08a1d,,
Restaurante Carbón,Tarta de queso carne,https://www.google.com/maps/place/Restaurante+Carb%C3%B3n/data=!4m2!3m1!1s0xd4229dbd843b989:0xde9c4661f3155d9c,,
Las Reses | Restaurante de carne Madrid,Carne,https://www.google.com/maps/place/Las+Reses+%7C+Restaurante+de+carne+Madrid/data=!4m2!3m1!1s0xd42288e19c7a42f:0x6fe525a7b7110848,,
Roostiq,Tarta de queso Carne,https://www.google.com/maps/place/Roostiq/data=!4m2!3m1!1s0xd4229c14f80e5a7:0xe834dff29b305a5a,,
Restaurante Lana,Lana,https://www.google.com/maps/place/Restaurante+Lana/data=!4m2!3m1!1s0xd422959c0fc45e9:0x49787a1a3a18d26a,,
Gurisa Madrid,Carne,https://www.google.com/maps/place/Gurisa+Madrid/data=!4m2!3m1!1s0xd42290039e36009:0x9975bc9b4c1ff9fa,,
Los 33 Restaurante,Carne,https://www.google.com/maps/place/Los+33+Restaurante/data=!4m2!3m1!1s0xd422987a0b39633:0x3d2bc0263b5cb0d3,,
Casa Julián de Tolosa | Restaurante de Carne Madrid,Carne,https://www.google.com/maps/place/Casa+Juli%C3%A1n+de+Tolosa+%7C+Restaurante+de+Carne+Madrid/data=!4m2!3m1!1s0xd4229c81b3c449d:0xe3cc2fe523a5bed3,,
La Neta Restaurante Mexicano,mexicano top,https://www.google.com/maps/place/La+Neta+Restaurante+Mexicano/data=!4m2!3m1!1s0xd42297e24756e7f:0x136ab212f5b55de1,,
ELEONORA & BRUTALE,,https://www.google.com/maps/place/ELEONORA+%26+BRUTALE/data=!4m2!3m1!1s0xd418f2c08fde033:0x5dfdf37091d781ab,,
La Cabaña Argentina,,https://www.google.com/maps/place/La+Caba%C3%B1a+Argentina/data=!4m2!3m1!1s0xd42288174dd857d:0xbc71b595cf759bf5,,
La Bajada Street Food & GO - Oporto - Restaurante Peruano,,https://www.google.com/maps/place/La+Bajada+Street+Food+%26+GO+-+Oporto+-+Restaurante+Peruano/data=!4m2!3m1!1s0xd42274cb9abca63:0x45d9adb03d931505,,
Yan Ken Pon - Sushi Ramen y Librería,,https://www.google.com/maps/place/Yan+Ken+Pon+-+Sushi+Ramen+y+Librer%C3%ADa/data=!4m2!3m1!1s0xd4227bd546fb2a3:0x476f7443388030a9,,
Minelli 1960,,https://www.google.com/maps/place/Minelli+1960/data=!4m2!3m1!1s0xd4228b0830bffff:0x148092f24c452093,,
Salino l Restaurante Retiro,Mejor croqueta madrid 2026,https://www.google.com/maps/place/Salino+l+Restaurante+Retiro/data=!4m2!3m1!1s0xd4229aba5393e6d:0xdb2d176896b2a52b,,
La Sifonería de Plaza de España,,https://www.google.com/maps/place/La+Sifoner%C3%ADa+de+Plaza+de+Espa%C3%B1a/data=!4m2!3m1!1s0xd42286f0ef10099:0x69179149ff7316af,,
La Sifonería de Malasaña,,https://www.google.com/maps/place/La+Sifoner%C3%ADa+de+Malasa%C3%B1a/data=!4m2!3m1!1s0xd42290894f87c47:0xa76cb09f27745278,,
Tatemado,,https://www.google.com/maps/place/Tatemado/data=!4m2!3m1!1s0xd4227cdfeb793fb:0xd34916cb5a573b9e,,
Café Comercial,Tapas gratis con bebida y tarta de queso,https://www.google.com/maps/place/Caf%C3%A9+Comercial/data=!4m2!3m1!1s0xd42288a1a3b98b1:0xc40a8fd5d88d281e,,
Pizzart Villa Luchana | Pizzeria Madrid,Pizza y tarta de quedo,https://www.google.com/maps/place/Pizzart+Villa+Luchana+%7C+Pizzeria+Madrid/data=!4m2!3m1!1s0xd42299a2c617675:0x3de620ea1d999cba,,
Bosco de Lobos Madrid,Italiano y tarta de queso,https://www.google.com/maps/place/Bosco+de+Lobos+Madrid/data=!4m2!3m1!1s0xd422888b0abbb3f:0xf3a337adda9e8356,,
Garelos,Tarta de queso ,https://www.google.com/maps/place/Garelos/data=!4m2!3m1!1s0xd42290e000b3e45:0xfb2af6b5d0a42b5c,,
El Hombre Pez,Tarta de queso,https://www.google.com/maps/place/El+Hombre+Pez/data=!4m2!3m1!1s0xd42294c3c78a287:0x446ebabd7c3a1187,,
Josefita Bar,Barato y tarta de queso,https://www.google.com/maps/place/Josefita+Bar/data=!4m2!3m1!1s0xd422938c00f7ed5:0x7f181c2e84d7bbad,,
Restaurante Colósimo,Tortilla y tarta de queso,https://www.google.com/maps/place/Restaurante+Col%C3%B3simo/data=!4m2!3m1!1s0xd4229aceae04cc3:0xa4ffdcebbd0f4753,,
Piantao Legazpi | Parrilla Gastronómica,Tarta de queso,https://www.google.com/maps/place/Piantao+Legazpi+%7C+Parrilla+Gastron%C3%B3mica/data=!4m2!3m1!1s0xd4227c0a498ed43:0xb32fb58f5c99b8db,,
Piantao Chamberi | Parrilla Gastronómica,Tarta de queso,https://www.google.com/maps/place/Piantao+Chamberi+%7C+Parrilla+Gastron%C3%B3mica/data=!4m2!3m1!1s0xd4229ba285b24c1:0x8aa83280f7844422,,
Peppe Fusco The Italian,Tarta de queso,https://www.google.com/maps/place/Peppe+Fusco+The+Italian/data=!4m2!3m1!1s0xd42291b4bb32a7b:0xe26bfe40d6278d18,,
Latasia Casa De Comidas,Tarta de queso,https://www.google.com/maps/place/Latasia+Casa+De+Comidas/data=!4m2!3m1!1s0xd42291cfb6217f9:0x1b513419a6a9f12,,
Restaurante Barra Alta Madrid,tarta de queso,https://www.google.com/maps/place/Restaurante+Barra+Alta+Madrid/data=!4m2!3m1!1s0xd42296adefaa191:0x1d3ec3f4822b9e00,,
Bistronómika,tarta de queso,https://www.google.com/maps/place/Bistron%C3%B3mika/data=!4m2!3m1!1s0xd422629da386ea3:0xbbf8f45a3193bcaa,,
Hermanas Arce,,https://www.google.com/maps/place/Hermanas+Arce/data=!4m2!3m1!1s0xd422939591227a3:0x6e693556c522f53a,,
Martín Tostón,,https://www.google.com/maps/place/Mart%C3%ADn+Tost%C3%B3n/data=!4m2!3m1!1s0xd4229005026b6e7:0x96228b523bf03169,,
LA CHORIPANERIA LAVAPIÉS,,https://www.google.com/maps/place/LA+CHORIPANERIA+LAVAPI%C3%89S/data=!4m2!3m1!1s0xd4227fae0c2dfa7:0xfac68643ffbe5d46,,
LA CHORIPANERIA CHAMBERI,,https://www.google.com/maps/place/LA+CHORIPANERIA+CHAMBERI/data=!4m2!3m1!1s0xd42294e2f0c7dd1:0xba78001f868e4754,,
HUMO Goya Pollos a la Brasa by Jhosef Arias,,https://www.google.com/maps/place/HUMO+Goya+Pollos+a+la+Brasa+by+Jhosef+Arias/data=!4m2!3m1!1s0xd4227f968ad283f:0xadbc4caecb31a4a9,,
Pirulo,,https://www.google.com/maps/place/Pirulo/data=!4m2!3m1!1s0xd422927d0d684c3:0x8d8c4cc7b295f6d5,,
Mercado de Vallehermoso,,https://www.google.com/maps/place/Mercado+de+Vallehermoso/data=!4m2!3m1!1s0xd422979184b8f5f:0xb0341facd1b27b06,,
Batch,,https://www.google.com/maps/place/Batch/data=!4m2!3m1!1s0xd4229783cf04a7d:0xb76191b0c6aa147,,
Restaurante Kitchen 154,,https://www.google.com/maps/place/Restaurante+Kitchen+154/data=!4m2!3m1!1s0xd42285de63e5ded:0xfdd7e271173e7e25,,
Chuka,,https://www.google.com/maps/place/Chuka/data=!4m2!3m1!1s0xd42288109016667:0xc09135bcc8238ea9,,
Toga Restaurante,,https://www.google.com/maps/place/Toga+Restaurante/data=!4m2!3m1!1s0xd4227d5b89a0f61:0x3fe5dfcd6db7afa9,,
Xihuramen,Ramen seco locura,https://www.google.com/maps/place/Xihuramen/data=!4m2!3m1!1s0xd422987e971c4d7:0x8c71699227cc6bf0,,
Gastro Bar Lusitano,buffet cachopos 25€ comidas y cenas lunes a jueves y comidas viernes,https://www.google.com/maps/place/Gastro+Bar+Lusitano/data=!4m2!3m1!1s0xd418b44efc47777:0x9460cbe82028b7cc,,
Restaurante Pacifico Buffet libre,buffet de todo desde 17€,https://www.google.com/maps/place/Restaurante+Pacifico+Buffet+libre/data=!4m2!3m1!1s0xd418f002ad08717:0x78cd47800ce2ab46,,
Mati’s Burger,buffet libre hamburguesas 15.90€ comer sin bebida,https://www.google.com/maps/place/Mati%E2%80%99s+Burger/data=!4m2!3m1!1s0xd41899cfc62e3a1:0x3a339b87c4d88c45,,
GULA,,https://www.google.com/maps/place/GULA/data=!4m2!3m1!1s0xd418d258d4c80cb:0x6abb02ab7cf6a08b,,
LEZZET RESTAURANTE TURCO,,https://www.google.com/maps/place/LEZZET+RESTAURANTE+TURCO/data=!4m2!3m1!1s0xd418dc3e4f2f76f:0x5b5c01467792de53,,
Gabo's,,https://www.google.com/maps/place/Gabo's/data=!4m2!3m1!1s0xd42295c4ab34827:0x492ee7b4b54345d0,,
Las Adelitas Restaurante Mexicano,,https://www.google.com/maps/place/Las+Adelitas+Restaurante+Mexicano/data=!4m2!3m1!1s0xd422983ed9c16e7:0xca2f1f62921f5aa1,,
Lab84 Malasaña,,https://www.google.com/maps/place/Lab84+Malasa%C3%B1a/data=!4m2!3m1!1s0xd42298d044d0835:0x4e317d34cc5cf54d,,
Restaurante Ginkgo LAB Madroño,,https://www.google.com/maps/place/Restaurante+Ginkgo+LAB+Madro%C3%B1o/data=!4m2!3m1!1s0xd4229a656ebf591:0xa676165ba3ff6309,,
Callao24 by Jhosef Arias,,https://www.google.com/maps/place/Callao24+by+Jhosef+Arias/data=!4m2!3m1!1s0xd42260bf73e935d:0x9e47eb9cc7f75c,,
RESTAURANTE MEXICANO Q PADRE,,https://www.google.com/maps/place/RESTAURANTE+MEXICANO+Q+PADRE/data=!4m2!3m1!1s0xd4229d2d451fb6f:0xa58ab3be63a146dc,,
Restaurante Thai Zafra,,https://www.google.com/maps/place/Restaurante+Thai+Zafra/data=!4m2!3m1!1s0xd4228b3d31eaaab:0x68992ab76f0a0581,,
Monty's,,https://www.google.com/maps/place/Monty's/data=!4m2!3m1!1s0xd422f3ff2e31459:0xa1387c90e4ccbe50,,
¡Qué empanada!,,https://www.google.com/maps/place/%C2%A1Qu%C3%A9+empanada!/data=!4m2!3m1!1s0xd422f3e3fe2c439:0x5d163e6614e033eb,,
Crítico Restaurante,,https://www.google.com/maps/place/Cr%C3%ADtico+Restaurante/data=!4m2!3m1!1s0xd422f155f4945fd:0x49838bad769053f9,,
Caja de Cerillas,,https://www.google.com/maps/place/Caja+de+Cerillas/data=!4m2!3m1!1s0xd4229981eefac2b:0xe17765eda1a48ed3,,
Devoto Burger - Madrid,,https://www.google.com/maps/place/Devoto+Burger+-+Madrid/data=!4m2!3m1!1s0xd42291255ce080d:0x6acfb787fbe689db,,
Volterra Ristorante,,https://www.google.com/maps/place/Volterra+Ristorante/data=!4m2!3m1!1s0xd4229562eaa049b:0x929d81b333308b73,,
lalopezbar,,https://www.google.com/maps/place/lalopezbar/data=!4m2!3m1!1s0xd4227c62fab04f1:0xbd0aeb38c57559b3,,
Genko Restaurante,,https://www.google.com/maps/place/Genko+Restaurante/data=!4m2!3m1!1s0xd42298cc1f1f2c5:0xa37c38ee7f268313,,
Krudo Raw Bar,,https://www.google.com/maps/place/Krudo+Raw+Bar/data=!4m2!3m1!1s0xd4229d189b65021:0x552308af598f1889,,
Bubari - Restaurante y Cócteles,,https://www.google.com/maps/place/Bubari+-+Restaurante+y+C%C3%B3cteles/data=!4m2!3m1!1s0xd41895bebea9205:0x6db7fc2f6c03e164,,
TOTALE Ristorante Pizzería,,https://www.google.com/maps/place/TOTALE+Ristorante+Pizzer%C3%ADa/data=!4m2!3m1!1s0xd418f63c45b417b:0x936e45fca6fbbb52,,
Cafetería Rocablanca,tapa gratis con bebida y buenas croquetas y tortilla baratas,https://www.google.com/maps/place/Cafeter%C3%ADa+Rocablanca/data=!4m2!3m1!1s0xd4228885b8c078d:0x9237dac471513bed,,
Restaurante LA ROCA BOADILLA,tarta queso,https://www.google.com/maps/place/Restaurante+LA+ROCA+BOADILLA/data=!4m2!3m1!1s0xd418593617b382b:0xccffe49e03842a64,,
Restaurante la Vía,,https://www.google.com/maps/place/Restaurante+la+V%C3%ADa/data=!4m2!3m1!1s0xd41855608248587:0x38147f819e56f0a0,,
TOTALE Ristorante Pizzería,tarta queso,https://www.google.com/maps/place/TOTALE+Ristorante+Pizzer%C3%ADa/data=!4m2!3m1!1s0xd4185c75d1f46f5:0x1b0e6ed783539753,,
Trattoria Piccolo Mio,,https://www.google.com/maps/place/Trattoria+Piccolo+Mio/data=!4m2!3m1!1s0xd418f885d9e6ea7:0x458bc7146add0a7a,,
Noinu Restaurante | Boadilla del Monte,tarta queso,https://www.google.com/maps/place/Noinu+Restaurante+%7C+Boadilla+del+Monte/data=!4m2!3m1!1s0xd418fc9a2fa6fb9:0xedb1734b2182a41,,
Restaurante India Gate,,https://www.google.com/maps/place/Restaurante+India+Gate/data=!4m2!3m1!1s0xd418ff7b63ebbfb:0x8c240c70caafb827,,
Restaurante ALILIAN,tarta queso,https://www.google.com/maps/place/Restaurante+ALILIAN/data=!4m2!3m1!1s0xd418f119b178013:0x8fd780f1f7a60c12,,
Inmigrante Madrid,,https://www.google.com/maps/place/Inmigrante+Madrid/data=!4m2!3m1!1s0xd418f106abded37:0x3e57a3753f8b506e,,
Restaurante Pintxaki,tarta queso,https://www.google.com/maps/place/Restaurante+Pintxaki/data=!4m2!3m1!1s0xd4187cbf6bcbf2f:0x91228a869cfdaeb9,,
Paschi Cocina Peruana,,https://www.google.com/maps/place/Paschi+Cocina+Peruana/data=!4m2!3m1!1s0xd4186458a06f65d:0x96896277386884ce,,
Central Mexicana Restaurante & Tequila,,https://www.google.com/maps/place/Central+Mexicana+Restaurante+%26+Tequila/data=!4m2!3m1!1s0xd418646b139b90d:0x6dc7694604dd54de,,
Restaurante Empanadish Pozuelo,,https://www.google.com/maps/place/Restaurante+Empanadish+Pozuelo/data=!4m2!3m1!1s0xd4187350fb1f609:0x9fdc3a9c0fd26d6d,,
Lamonarracha Pozuelo,tarta queso,https://www.google.com/maps/place/Lamonarracha+Pozuelo/data=!4m2!3m1!1s0xd4187cca45faf7d:0x100815ce77d301a6,,
Mexicanísimo Pozuelo,,https://www.google.com/maps/place/Mexican%C3%ADsimo+Pozuelo/data=!4m2!3m1!1s0xd4187635bfb58af:0xdcd4d2481e18c5c8,,
Restaurante Berenguela,tarta queso,https://www.google.com/maps/place/Restaurante+Berenguela/data=!4m2!3m1!1s0xd4229f521fa6f39:0x693471dd1d6ea9b4,,
CUXTA Antojitos-Drinks & Shop,,https://www.google.com/maps/place/CUXTA+Antojitos-Drinks+%26+Shop/data=!4m2!3m1!1s0xd4227d64e9c040b:0xa2be9925f40a50f9,,
Ciudad Mezcal,,https://www.google.com/maps/place/Ciudad+Mezcal/data=!4m2!3m1!1s0xd422774d89b8231:0x8c693576f3224424,,
Restaurante La Princesa Árabe,,https://www.google.com/maps/place/Restaurante+La+Princesa+%C3%81rabe/data=!4m2!3m1!1s0xd42262d8dc7df5d:0x95d684b1140af21e,,
Pizzería Lab’ 84,,https://www.google.com/maps/place/Pizzer%C3%ADa+Lab%E2%80%99+84/data=!4m2!3m1!1s0xd42279dfa55bb91:0x16df17e9f976bda3,,
Canastaco Madrid,,https://www.google.com/maps/place/Canastaco+Madrid/data=!4m2!3m1!1s0xd4227169eaf8e1d:0x7c6a35934fce5bb6,,
La Fabia,,https://www.google.com/maps/place/La+Fabia/data=!4m2!3m1!1s0xd42272157dacba3:0x9eba72d490ba2848,,
Restaurante Trattoria Increscendo,,https://www.google.com/maps/place/Restaurante+Trattoria+Increscendo/data=!4m2!3m1!1s0xd422635da1e9977:0x487a382e33e98682,,
Taquería Órale Burrito,,https://www.google.com/maps/place/Taquer%C3%ADa+%C3%93rale+Burrito/data=!4m2!3m1!1s0xd42278cf5960c8f:0x8ea32d3252bcc1a7,,
Pizzeria Fratelli Madrid,,https://www.google.com/maps/place/Pizzeria+Fratelli+Madrid/data=!4m2!3m1!1s0xd41883e38ddbc47:0xaa91f7a551c3e468,,
La Cochinita Loca - Pau Carabanchel,,https://www.google.com/maps/place/La+Cochinita+Loca+-+Pau+Carabanchel/data=!4m2!3m1!1s0xd41892ea609e395:0x8cfb49d683f47fb2,,
El jardín de mi madre,,https://www.google.com/maps/place/El+jard%C3%ADn+de+mi+madre/data=!4m2!3m1!1s0xd418928dfc728a3:0x3bf19b791b208948,,
Trattoria La Famiglia,,https://www.google.com/maps/place/Trattoria+La+Famiglia/data=!4m2!3m1!1s0xd41881ad27fc523:0xd8ee7471ab4dd161,,
La Cochinita Loca - El Rastro,,https://www.google.com/maps/place/La+Cochinita+Loca+-+El+Rastro/data=!4m2!3m1!1s0xd42274e30874cc9:0x87d3c29882607746,,
La Musa Latina,,https://www.google.com/maps/place/La+Musa+Latina/data=!4m2!3m1!1s0xd4228780b092501:0x9ccf760355954b44,,
Angus Diner,,https://www.google.com/maps/place/Angus+Diner/data=!4m2!3m1!1s0xd4227e734e69e5d:0x70219f992219898a,,
Taquería María Bonita,,https://www.google.com/maps/place/Taquer%C3%ADa+Mar%C3%ADa+Bonita/data=!4m2!3m1!1s0xd422722dc1df8b1:0x18343c2cdca4355a,,
Pajaritos Mojados,,https://www.google.com/maps/place/Pajaritos+Mojados/data=!4m2!3m1!1s0xd4227d653c3c401:0x1956b3b60f25f940,,
PISCOMAR Cebichería by Jhosef Arias,,https://www.google.com/maps/place/PISCOMAR+Cebicher%C3%ADa+by+Jhosef+Arias/data=!4m2!3m1!1s0xd4227554c6b5fe9:0xfd4620d00a702665,,
Bipolar casa de comidas 2.0,,https://www.google.com/maps/place/Bipolar+casa+de+comidas+2.0/data=!4m2!3m1!1s0xd4227d03c077a59:0xcab20209a88cf154,,
Restaurante El Sueño de Carmen,,https://www.google.com/maps/place/Restaurante+El+Sue%C3%B1o+de+Carmen/data=!4m2!3m1!1s0xd4227402cbfe86b:0x147f1f1b2bf3b556,,
Restaurante Casajari,,https://www.google.com/maps/place/Restaurante+Casajari/data=!4m2!3m1!1s0xd4227cc8d01c3a3:0xf3c039452fcdf7ef,,
Chaotianmen hot pot,,https://www.google.com/maps/place/Chaotianmen+hot+pot/data=!4m2!3m1!1s0xd4229325e1b9519:0xab3291e60fb9691b,,
Embarcadero26,,https://www.google.com/maps/place/Embarcadero26/data=!4m2!3m1!1s0xd42272fe6210b3f:0xf1e9d201c8758531,,
Restaurante BAMMBAO,,https://www.google.com/maps/place/Restaurante+BAMMBAO/data=!4m2!3m1!1s0xd42279d9cf3f8f3:0x2ae3d36b0cebf33a,,
ROOI ROOK MÓSTOLES,,https://www.google.com/maps/place/ROOI+ROOK+M%C3%93STOLES/data=!4m2!3m1!1s0xd418de996d8dd21:0x6032a348555d1989,,
La Cúspide Móstoles - Restaurante Peruano,,https://www.google.com/maps/place/La+C%C3%BAspide+M%C3%B3stoles+-+Restaurante+Peruano/data=!4m2!3m1!1s0xd418dcf44f4c6e5:0xfc37c67da0925fde,,
Lynch - Food and Cocktails,,https://www.google.com/maps/place/Lynch+-+Food+and+Cocktails/data=!4m2!3m1!1s0xd422970d20c8c7f:0x8d33ec652aecd3ea,,
Nugu Burger,,https://www.google.com/maps/place/Nugu+Burger/data=!4m2!3m1!1s0xd4221f35c051405:0x1461f29c849c476,,
小笼 Little Dragon,,https://www.google.com/maps/place/%E5%B0%8F%E7%AC%BC+Little+Dragon/data=!4m2!3m1!1s0xd42299c20c9e1b5:0xdbd9c95f963b860b,,
Tabanco Amores l Restaurante Sin Gluten,opciones gluten free,https://www.google.com/maps/place/Tabanco+Amores+l+Restaurante+Sin+Gluten/data=!4m2!3m1!1s0xd4227fefa25d395:0xa4afff78178e8c21,,
ULTRAMARINES DEL COSO | TRAFALGAR,,https://www.google.com/maps/place/ULTRAMARINES+DEL+COSO+%7C+TRAFALGAR/data=!4m2!3m1!1s0xd42290054a32403:0x3a302f416d754d0b,,
ULTRAMARINES DEL COSO | SAN JOAQUÍN,,https://www.google.com/maps/place/ULTRAMARINES+DEL+COSO+%7C+SAN+JOAQU%C3%8DN/data=!4m2!3m1!1s0xd4229789574dda7:0xcedccc8c576f9fe5,,
Lazzaroni Trattoria,,https://www.google.com/maps/place/Lazzaroni+Trattoria/data=!4m2!3m1!1s0xd41844281f3df93:0x92c80d5c0cb28f89,,
Manolita Chen,,https://www.google.com/maps/place/Manolita+Chen/data=!4m2!3m1!1s0xd4229c071ad07a9:0x5507f9d498bb5150,,
Restaurante Maddock,,https://www.google.com/maps/place/Restaurante+Maddock/data=!4m2!3m1!1s0xd4228f2ebb92ff3:0xa3434c6f085f3716,,
Restaurante Piri Piri al Carbón,,https://www.google.com/maps/place/Restaurante+Piri+Piri+al+Carb%C3%B3n/data=!4m2!3m1!1s0xd422960c0018f01:0xaf242d07ba5963f,,
Piri Piri al Carbón,,https://www.google.com/maps/place/Piri+Piri+al+Carb%C3%B3n/data=!4m2!3m1!1s0xd4227659f65002f:0x435c1e87eac16e7f,,
EL REY DE LOS TACOS,,https://www.google.com/maps/place/EL+REY+DE+LOS+TACOS/data=!4m2!3m1!1s0xd42287b6ad361cd:0x38abed0292e17ec2,,
El rey de los tacos,,https://www.google.com/maps/place/El+rey+de+los+tacos/data=!4m2!3m1!1s0xd4229138cd23c47:0x486044a61cd88546,,
El Rey de los Tacos,,https://www.google.com/maps/place/El+Rey+de+los+Tacos/data=!4m2!3m1!1s0xd4229cb8b22ae59:0x21b5f78b008a9258,,
El Rey de los Tacos,,https://www.google.com/maps/place/El+Rey+de+los+Tacos/data=!4m2!3m1!1s0xd42287bbbfb4a8d:0x4e857118371b0246,,
La Bajada Street Food - Ópera - Madrid Centro - Restaurante Peruano,,https://www.google.com/maps/place/La+Bajada+Street+Food+-+%C3%93pera+-+Madrid+Centro+-+Restaurante+Peruano/data=!4m2!3m1!1s0xd42293480325ec9:0x3e2a5848c9e196a4,,
Casa Marius,,https://www.google.com/maps/place/Casa+Marius/data=!4m2!3m1!1s0xd4228859c52a273:0x3947622401e9713f,,
San Angelinn,,https://www.google.com/maps/place/San+Angelinn/data=!4m2!3m1!1s0xd4229f8c65371f5:0x53e5ef1dfb7ef1a1,,
Restaurante Benares Madrid,,https://www.google.com/maps/place/Restaurante+Benares+Madrid/data=!4m2!3m1!1s0xd42288e130665df:0x45dcb8df2923eaa2,,
Sushi Bar Tottori (Lagasca),,https://www.google.com/maps/place/Sushi+Bar+Tottori+(Lagasca)/data=!4m2!3m1!1s0xd4229d8aafabd2f:0x44f7aace3ffb4707,,
Llagar La Llobera,,https://www.google.com/maps/place/Llagar+La+Llobera/data=!4m2!3m1!1s0xd42297b13bf444d:0xb324245f429f429e,,
Mandrake Greek Street Food,,https://www.google.com/maps/place/Mandrake+Greek+Street+Food/data=!4m2!3m1!1s0xd42270e456096f3:0x8a12ddeb79a64a7,,
The Irish Temple,,https://www.google.com/maps/place/The+Irish+Temple/data=!4m2!3m1!1s0xd4225f053eb9965:0x1fe5c4b51111dc44,,
Restaurante Santancha,,https://www.google.com/maps/place/Restaurante+Santancha/data=!4m2!3m1!1s0xd4229a1d8c080b7:0x4d00ceb82b9575d4,,
Restaurante AREDNA,,https://www.google.com/maps/place/Restaurante+AREDNA/data=!4m2!3m1!1s0xd42291e1a951057:0x283002905351db07,,
Döggo,,https://www.google.com/maps/place/D%C3%B6ggo/data=!4m2!3m1!1s0xd422993eede70e3:0xa0ebcb1f2c0b62fa,,
MisterO1 Extraordinary pizza,,https://www.google.com/maps/place/MisterO1+Extraordinary+pizza/data=!4m2!3m1!1s0xd42293fee286585:0x4ed6350d8424d84e,,
Mama Chicó | Restaurante Malasaña,,https://www.google.com/maps/place/Mama+Chic%C3%B3+%7C+Restaurante+Malasa%C3%B1a/data=!4m2!3m1!1s0xd422990ed30cb13:0xb57bbc76eef99fe8,,
Sra. Smith,,https://www.google.com/maps/place/Sra.+Smith/data=!4m2!3m1!1s0xd4229f564d1f74b:0x7a64b8c2445debb,,
Trek Taco Madrid,,https://www.google.com/maps/place/Trek+Taco+Madrid/data=!4m2!3m1!1s0xd4229603f20bcaf:0xcfb0201553c9bbff,,
Restaurante Vinitus,bueno bonito barato,https://www.google.com/maps/place/Restaurante+Vinitus/data=!4m2!3m1!1s0xd4229da4881c4fd:0xfd95dfdda11c0775,,
Casa Macareno,patatas bravas,https://www.google.com/maps/place/Casa+Macareno/data=!4m2!3m1!1s0xd42286250978605:0x2a8e374a334a8900,,
Le MACAO,16.50€ menú mediodía,https://www.google.com/maps/place/Le+MACAO/data=!4m2!3m1!1s0xd42296bfd2bf2b5:0x9db89531cdf52b74,,
La Bonita Restaurante,con el tenedor más barato,https://www.google.com/maps/place/La+Bonita+Restaurante/data=!4m2!3m1!1s0xd42296fb05e59c5:0x32cb9bf8a55b8a01,,
Con Amor,con el tenedor más barato,https://www.google.com/maps/place/Con+Amor/data=!4m2!3m1!1s0xd4228f6e72209f1:0xdebd73d81ef1e451,,
Kippu,con tenedor más barato,https://www.google.com/maps/place/Kippu/data=!4m2!3m1!1s0xd422942b8d2e291:0x4d689b8a55bc4c56,,
Tsukuri Soba - Restaurante Oriental,,https://www.google.com/maps/place/Tsukuri+Soba+-+Restaurante+Oriental/data=!4m2!3m1!1s0xd42294a3146dcc1:0x8e10655b85a9cc36,,
Restaurante Milos,,https://www.google.com/maps/place/Restaurante+Milos/data=!4m2!3m1!1s0xd4228b785041fa5:0x452361118cffe81b,,
Just Italia Barrio Salamanca Madrid,,https://www.google.com/maps/place/Just+Italia+Barrio+Salamanca+Madrid/data=!4m2!3m1!1s0xd4228c045500dab:0x8b8c3f97c4ac2637,,
Xolo Nikkei & Cocktails,,https://www.google.com/maps/place/Xolo+Nikkei+%26+Cocktails/data=!4m2!3m1!1s0xd42279114fe0fd7:0x5a96ecd86f67ed1e,,
Restaurante Más de Santa,,https://www.google.com/maps/place/Restaurante+M%C3%A1s+de+Santa/data=!4m2!3m1!1s0xd4229648819d3c5:0x5cf5de6fcba4b95b,,
Gonzalez & Co Madrid,,https://www.google.com/maps/place/Gonzalez+%26+Co+Madrid/data=!4m2!3m1!1s0xd4229dd3d07ce41:0xed489ec3d387579c,,
Restaurante Yunie Kebab y Shawarma,,https://www.google.com/maps/place/Restaurante+Yunie+Kebab+y+Shawarma/data=!4m2!3m1!1s0xd42284270d86d49:0x7bfc4164fd4f5929,,
Wok King,Muy barato chino,https://www.google.com/maps/place/Wok+King/data=!4m2!3m1!1s0xd42287c79f8b9df:0xc99f51c02114953,,
Pizzeria Ristorante Piccolo Diavolo,,https://www.google.com/maps/place/Pizzeria+Ristorante+Piccolo+Diavolo/data=!4m2!3m1!1s0xd422629b1600337:0x8319e92376c8fc3e,,
Ristorante Pummarola,,https://www.google.com/maps/place/Ristorante+Pummarola/data=!4m2!3m1!1s0xd41864dfe184b0d:0x8075a2e3066e384b,,
Malafemmena,,https://www.google.com/maps/place/Malafemmena/data=!4m2!3m1!1s0xd4229eeec55474f:0x14582163688f2797,,
Giulietta Madrid,,https://www.google.com/maps/place/Giulietta+Madrid/data=!4m2!3m1!1s0xd422ff86c7b9e49:0x2ce437705205e33d,,
Tennessee BBQ,,https://www.google.com/maps/place/Tennessee+BBQ/data=!4m2!3m1!1s0xd422fb07a6abba5:0xbadaf0794d093907,,
Mercado de San Fernando,,https://www.google.com/maps/place/Mercado+de+San+Fernando/data=!4m2!3m1!1s0xd42263242abf7bb:0x75f8f544b4576748,,
La Terraza de Monty's,barato relación calidad precio,https://www.google.com/maps/place/La+Terraza+de+Monty's/data=!4m2!3m1!1s0xd422f47fd4a062b:0x417ff00df5800b77,,
Caracola Antón Martín,tartas y tortillas,https://www.google.com/maps/place/Caracola+Ant%C3%B3n+Mart%C3%ADn/data=!4m2!3m1!1s0xd42262a3eabe469:0x36ddd3ff88d896b6,,
Kebab House,Kebab más antiguo,https://www.google.com/maps/place/Kebab+House/data=!4m2!3m1!1s0xd42284208e8339f:0xfc3d11cc8419051e,,
WILD Burger,,https://www.google.com/maps/place/WILD+Burger/data=!4m2!3m1!1s0xd418b0905370967:0xeba91630d11ead01,,
IN Ristolab,,https://www.google.com/maps/place/IN+Ristolab/data=!4m2!3m1!1s0xd4229007296555f:0x2f901aeb8461b3ee,,
Santé Restaurante Vinos,,https://www.google.com/maps/place/Sant%C3%A9+Restaurante+Vinos/data=!4m2!3m1!1s0xd4189e68105de41:0x1754a1164692e49d,,
Restaurante Las Tortillas de Gabino,Tortilla y tarta de queso,https://www.google.com/maps/place/Restaurante+Las+Tortillas+de+Gabino/data=!4m2!3m1!1s0xd4228f2b6f713b7:0xf2678a4371bbf5f2,,
Juana La Loca,tortilla ,https://www.google.com/maps/place/Juana+La+Loca/data=!4m2!3m1!1s0xd4227d7c81df91d:0xb5b5dce8394aa14d,,
Agarimo taberna,tortilla con manitas,https://www.google.com/maps/place/Agarimo+taberna/data=!4m2!3m1!1s0xd422983389812c9:0x6bef05c3b8cd5424,,
POTE café-bar,tortilla,https://www.google.com/maps/place/POTE+caf%C3%A9-bar/data=!4m2!3m1!1s0xd42294839c64963:0x9427732cb1bba737,,
Manifesto 13,,https://www.google.com/maps/place/Manifesto+13/data=!4m2!3m1!1s0xd42296953dea193:0xf4d0b588ebf97eba,,
TRAMO,,https://www.google.com/maps/place/TRAMO/data=!4m2!3m1!1s0xd4229595fc8413d:0xaf95a4ac53bf999c,,
Haranita,,https://www.google.com/maps/place/Haranita/data=!4m2!3m1!1s0xd42299333af692f:0x40f6b4383e540fa,,
La Mar Madrid by Gastón Acurio,,https://www.google.com/maps/place/La+Mar+Madrid+by+Gast%C3%B3n+Acurio/data=!4m2!3m1!1s0xd42298200c95e13:0xe11b1b2c0bca8261,,
Kinza,,https://www.google.com/maps/place/Kinza/data=!4m2!3m1!1s0xd422985f3fda361:0xeb24ad7d0b3ceaa1,,
La Lloreria,,https://www.google.com/maps/place/La+Lloreria/data=!4m2!3m1!1s0xd422904b11c21e3:0x46709a60053bd550,,
Doxa Plant Based,,https://www.google.com/maps/place/Doxa+Plant+Based/data=!4m2!3m1!1s0xd42275e515a07a9:0xd3f5b94e1f26df81,,
Sahteen By Delicias Arabes,,https://www.google.com/maps/place/Sahteen+By+Delicias+Arabes/data=!4m2!3m1!1s0xd4229bc4e208e7f:0xe934d3fd85a0a4ea,,
Tacos Don Manolito,,https://www.google.com/maps/place/Tacos+Don+Manolito/data=!4m2!3m1!1s0xd4229c4ac8dd381:0x981efa6b8d7ad8d7,,
NOT FROM ITALY,,https://www.google.com/maps/place/NOT+FROM+ITALY/data=!4m2!3m1!1s0xd4229562d496e01:0xbdde6ca767a37ddb,,
Llama Inn Madrid,peruano carete ,https://www.google.com/maps/place/Llama+Inn+Madrid/data=!4m2!3m1!1s0xd4229ce85288b59:0x9b80f87c093b070d,,
BOCADO,brunch chulo y rico,https://www.google.com/maps/place/BOCADO/data=!4m2!3m1!1s0xd4229e35db84551:0x6958d699e9445041,,
Casa Neutrale,de todo pero pasta espectacular,https://www.google.com/maps/place/Casa+Neutrale/data=!4m2!3m1!1s0xd42295d8267704b:0x6d8b7925b8a70fd3,,
Varro,picar en barra y bikini espectacular ,https://www.google.com/maps/place/Varro/data=!4m2!3m1!1s0xd42298f2db7e263:0xe965e1132bf69ea1,,
Casa Canito,español moderno,https://www.google.com/maps/place/Casa+Canito/data=!4m2!3m1!1s0xd4229631a1ff17b:0x7aa22dc6560c0ec2,,
Akiro Hand Roll Bar,,https://www.google.com/maps/place/Akiro+Hand+Roll+Bar/data=!4m2!3m1!1s0xd422918521790a5:0xddd06198c32d5790,,
Restaurante Her,mexicano e italiano,https://www.google.com/maps/place/Restaurante+Her/data=!4m2!3m1!1s0xd4229cc64480edf:0x8a7ff0de0837a11c,,
Quispe,caro peruano pero meeece la pena,https://www.google.com/maps/place/Quispe/data=!4m2!3m1!1s0xd4229c2a90696a9:0x9e5bef39ac0a911a,,
Vinoteca Estando Contigo,,https://www.google.com/maps/place/Vinoteca+Estando+Contigo/data=!4m2!3m1!1s0xd422951355b3d25:0xd8e953681eff60a0,,
Tetsu,,https://www.google.com/maps/place/Tetsu/data=!4m2!3m1!1s0xd42290023d33a5f:0xc07b527185cc219a,,
TRAGALUZ Madrid,,https://www.google.com/maps/place/TRAGALUZ+Madrid/data=!4m2!3m1!1s0xd4229cf74a9f993:0x6999836d10b4d957,,
Jodidamente,,https://www.google.com/maps/place/Jodidamente/data=!4m2!3m1!1s0xd422792535f31e7:0xbf4074104e398600,,
Restaurante Napoli Rules,,https://www.google.com/maps/place/Restaurante+Napoli+Rules/data=!4m2!3m1!1s0xd418b22b10b7f93:0x5193fca7a51eb333,,
La Tita Rivera,,https://www.google.com/maps/place/La+Tita+Rivera/data=!4m2!3m1!1s0xd422887cd044c21:0x69440c36b6a23e11,,
GARRAK,,https://www.google.com/maps/place/GARRAK/data=!4m2!3m1!1s0xd41850019fdae1b:0x9a3dfc2163c6861b,,
NATO Robata&tapas bar,,https://www.google.com/maps/place/NATO+Robata%26tapas+bar/data=!4m2!3m1!1s0xd4227c314bd410f:0xa56cc1d62b61b1da,,
Pizzeria Amadeo Di Napoli Napoli,,https://www.google.com/maps/place/Pizzeria+Amadeo+Di+Napoli+Napoli/data=!4m2!3m1!1s0xd4228fa1ba6671f:0x51ecddf98be5666,,
Bardero,,https://www.google.com/maps/place/Bardero/data=!4m2!3m1!1s0xd422795204e5e8b:0x3e1cef1030eed9e,,
Primo Restaurante Taquería,,https://www.google.com/maps/place/Primo+Restaurante+Taquer%C3%ADa/data=!4m2!3m1!1s0xd42290307812c19:0x756187cda313d08,,
Pecorilo - Pasta fresca en Madrid,,https://www.google.com/maps/place/Pecorilo+-+Pasta+fresca+en+Madrid/data=!4m2!3m1!1s0xd4229f5bc8bd7ad:0x36b1bb5c14659eb,,
Restaurante Pecados,,https://www.google.com/maps/place/Restaurante+Pecados/data=!4m2!3m1!1s0xd42298ef5151333:0xbf51737c0bf5ca52,,
Éccolo,,https://www.google.com/maps/place/%C3%89ccolo/data=!4m2!3m1!1s0xd4227d45e46e255:0xb01311c5271f91a4,,
GAMAN I Restaurante Nikkei Madrid by Luis Arévalo,,https://www.google.com/maps/place/GAMAN+I+Restaurante+Nikkei+Madrid+by+Luis+Ar%C3%A9valo/data=!4m2!3m1!1s0xd42291d2f9ad7eb:0x775d550f6bf12a34,,
Restaurante Farah,,https://www.google.com/maps/place/Restaurante+Farah/data=!4m2!3m1!1s0xd422709c3879a5d:0xf6075191009eca4f,,
Gustoo,,https://www.google.com/maps/place/Gustoo/data=!4m2!3m1!1s0xd422980af71d075:0x9830097911df8f28,,
Restaurante Bao Li,,https://www.google.com/maps/place/Restaurante+Bao+Li/data=!4m2!3m1!1s0xd42296370cd9655:0x8d579233aec6a5ae,,
Chuck Chuck Chicken (Asian Chicken Bar),,https://www.google.com/maps/place/Chuck+Chuck+Chicken+(Asian+Chicken+Bar)/data=!4m2!3m1!1s0xd4229218d7dedbf:0x7df3fb59a0305ac1,,
La Taberna de Peñalver,,https://www.google.com/maps/place/La+Taberna+de+Pe%C3%B1alver/data=!4m2!3m1!1s0xd4229e028df1f9f:0x1250030cc5b53294,,
Ático Restaurante & Terraza,Menú 72€ 5 pases y postre,https://www.google.com/maps/place/%C3%81tico+Restaurante+%26+Terraza/data=!4m2!3m1!1s0xd42288417f56ecf:0xac029c48cdd54307,,
Restaurante Surtopía,Menú 75€ 9 pases,https://www.google.com/maps/place/Restaurante+Surtop%C3%ADa/data=!4m2!3m1!1s0xd4228c03cfcbd43:0xc82889e9b927d354,,
Restaurante Èter,Menú 12 pases 93€,https://www.google.com/maps/place/Restaurante+%C3%88ter/data=!4m2!3m1!1s0xd42275edf66c597:0xce1c2f9666392c75,,
Kuoco,"Menú 85€
8 pases y pre postre + postre",https://www.google.com/maps/place/Kuoco/data=!4m2!3m1!1s0xd4228860d4a255b:0xb429ee281ee83be6,,
Beytna,"6 entrantes, plato principal, postre y pan 42€",https://www.google.com/maps/place/Beytna/data=!4m2!3m1!1s0xd422f507a76d933:0x7b1b5810a479c9f5,,
Tripea,Menú 60€ 8 pases,https://www.google.com/maps/place/Tripea/data=!4m2!3m1!1s0xd422859600afb19:0x8212ce97799dd90,,
Restaurante PAROLE - Pizzería Italiana,,https://www.google.com/maps/place/Restaurante+PAROLE+-+Pizzer%C3%ADa+Italiana/data=!4m2!3m1!1s0xd4229c0942bd169:0xab29d98c6cce437,,
Piotta Romana,,https://www.google.com/maps/place/Piotta+Romana/data=!4m2!3m1!1s0xd4229ffd14d52b5:0x3c6386e4882bf11e,,
Bossa Nossa,,https://www.google.com/maps/place/Bossa+Nossa/data=!4m2!3m1!1s0xd422932af393219:0x634d6201be02a712,,
Casa Neutrale® Musica,,https://www.google.com/maps/place/Casa+Neutrale%C2%AE+Musica/data=!4m2!3m1!1s0xd4229695284a18d:0x599b396b205deeed,,
Ardemos. Hamburguesas sin gluten Madrid,,https://www.google.com/maps/place/Ardemos.+Hamburguesas+sin+gluten+Madrid/data=!4m2!3m1!1s0xd4229fd6ab5a2ab:0x6d587199f61173fe,,
Restaurante Pabú,,https://www.google.com/maps/place/Restaurante+Pab%C3%BA/data=!4m2!3m1!1s0xd42297c9ac07e97:0x1110ea02460597da,,
Terraza Lobbo,Pinta bien de precio y calidad para grupos de >3 personas,https://www.google.com/maps/place/Terraza+Lobbo/data=!4m2!3m1!1s0xd4228dc92feeaef:0xf10374d7feb0b8,,
Sindibad Bagdad سندباد بغداد حلال,,https://www.google.com/maps/place/Sindibad+Bagdad+%D8%B3%D9%86%D8%AF%D8%A8%D8%A7%D8%AF+%D8%A8%D8%BA%D8%AF%D8%A7%D8%AF+%D8%AD%D9%84%D8%A7%D9%84%E2%80%AD/data=!4m2!3m1!1s0xd42287eb66314c7:0x5100b3c20c307494,,
Restaurante Jalo,Preguntar por Jalo o decir que nos manda Lalo Kapital,https://www.google.com/maps/place/Restaurante+Jalo/data=!4m2!3m1!1s0xd4226289a3954c7:0x6e43d4eb55d4d769,,
NACHA,,https://www.google.com/maps/place/NACHA/data=!4m2!3m1!1s0xd422959a43279e7:0x51b7b1a33d07fa19,,
Ponja Nikkei,,https://www.google.com/maps/place/Ponja+Nikkei/data=!4m2!3m1!1s0xd42292d3434729f:0x298158ba39905391,,
Restaurante La Montería,,https://www.google.com/maps/place/Restaurante+La+Monter%C3%ADa/data=!4m2!3m1!1s0xd4228a38a7708c7:0xab4da41b93b054ba,,
Antonia´s Burger,,https://www.google.com/maps/place/Antonia%C2%B4s+Burger/data=!4m2!3m1!1s0xd422927be05dec7:0x4b34dce697bf51b8,,
Restaurante Gala,"Menú a compartir 3 entradas, elegir pescado o carne y postre o café 43€ más 3.5€ mantequilla, aove y pan",https://www.google.com/maps/place/Restaurante+Gala/data=!4m2!3m1!1s0xd4228f6d374922d:0x7c9ed834ed3dc18b,,
La Terraza del Santo Domingo,Menú degustación 36€ (sin bebidas),https://www.google.com/maps/place/La+Terraza+del+Santo+Domingo/data=!4m2!3m1!1s0xd42287b7bc9f6db:0xdca721d29deff8fd,,
Piccola Napoli,,https://www.google.com/maps/place/Piccola+Napoli/data=!4m2!3m1!1s0xd4229ccea86cd35:0x39c183a4dbc53dc1,,
HIRO,,https://www.google.com/maps/place/HIRO/data=!4m2!3m1!1s0xd422920e175cfe3:0xcec96c8adf021c4c,,
Maruzzella,,https://www.google.com/maps/place/Maruzzella/data=!4m2!3m1!1s0xd4228f90e51e6a3:0xe12ff419e83dda8d,,
Dispatch,,https://www.google.com/maps/place/Dispatch/data=!4m2!3m1!1s0xd42290033015c89:0x734e18c28ade26f1,,
Amets gastroteka,,https://www.google.com/maps/place/Amets+gastroteka/data=!4m2!3m1!1s0xd42291f31206c4b:0x2244d2825035c8d2,,
Araia,,https://www.google.com/maps/place/Araia/data=!4m2!3m1!1s0xd422994534da9cb:0xf3b18da50d038c2f,,
Restaurante Divino Pecado Getafe,,https://www.google.com/maps/place/Restaurante+Divino+Pecado+Getafe/data=!4m2!3m1!1s0xd4221007fac115b:0x4315d34fac001626,,
Piccola Napoli,Pizza napolitana,https://www.google.com/maps/place/Piccola+Napoli/data=!4m2!3m1!1s0xd4228ff20a3e09f:0xf5cf068c077a90d1,,
ANTUANET Restaurante,Libanés barato,https://www.google.com/maps/place/ANTUANET+Restaurante/data=!4m2!3m1!1s0xd4229599736f319:0x29fc9af8d8e5519b,,
Delito Madrid,,https://www.google.com/maps/place/Delito+Madrid/data=!4m2!3m1!1s0xd4229352330cc89:0x8f5c547aa4b150e4,,
Preciados 33,Buffet desde 28€ comida española,https://www.google.com/maps/place/Preciados+33/data=!4m2!3m1!1s0xd42290c57ad6b39:0xb0efa22bc397bb21,,
De Pita Madre,,https://www.google.com/maps/place/De+Pita+Madre/data=!4m2!3m1!1s0xd42290811a48043:0x636e11a938f1928f,,
Zaatar & Co.,libanés comida casera y rápida ,https://www.google.com/maps/place/Zaatar+%26+Co./data=!4m2!3m1!1s0xd422935358f212d:0xeede15a585e2efe7,,
la Falda,Tortilla española 2 puesto,https://www.google.com/maps/place/la+Falda/data=!4m2!3m1!1s0xd42262c84f797f3:0x3f4dcf3ce3071d93,,
TonTon,,https://www.google.com/maps/place/TonTon/data=!4m2!3m1!1s0xd42291b3a0b198f:0xc1b303337f18588c,,
Passsta Bar,,https://www.google.com/maps/place/Passsta+Bar/data=!4m2!3m1!1s0xd422904b3dd0d13:0x17743d7f7b65d13e,,
Malocchio,,https://www.google.com/maps/place/Malocchio/data=!4m2!3m1!1s0xd4229a95dd52d1d:0xd8b2c905a5f730f6,,
Corvina Mx,,https://www.google.com/maps/place/Corvina+Mx/data=!4m2!3m1!1s0xd4229702844472f:0x8eac7c9decfab1a4,,
Monnalisa Pizzería,,https://www.google.com/maps/place/Monnalisa+Pizzer%C3%ADa/data=!4m2!3m1!1s0xd419900576679a5:0xefe64bd7fd65006b,,
DALÙ BURGER,,https://www.google.com/maps/place/DAL%C3%99+BURGER/data=!4m2!3m1!1s0xd42297e42ba34e7:0x492c63b02fc7cc98,,
Puccias,Por menos de 10€ bocadillos,https://www.google.com/maps/place/Puccias/data=!4m2!3m1!1s0xd4229d264c1895b:0x12e5557e0be790b9,,
Mercado de San Leopoldo,,https://www.google.com/maps/place/Mercado+de+San+Leopoldo/data=!4m2!3m1!1s0xd4229452c41bc5f:0x1b911a066676819b,,
Issei Restaurante (antiguo Café de Macao),Buffet 19.90€,https://www.google.com/maps/place/Issei+Restaurante+(antiguo+Caf%C3%A9+de+Macao)/data=!4m2!3m1!1s0xd4229663fad1b71:0x5e3a2a8af4ab5961,,
Karanday Restaurante,Menú degustación 8 pases 50€,https://www.google.com/maps/place/Karanday+Restaurante/data=!4m2!3m1!1s0xd4229ed16460759:0x725b0ec0c2b44ee2,,
Pizza Pronto,,https://www.google.com/maps/place/Pizza+Pronto/data=!4m2!3m1!1s0xd4229f60e073edb:0xb2f0ab921fd477f4,,
Come Bebe Ama Gastrohome,,https://www.google.com/maps/place/Come+Bebe+Ama+Gastrohome/data=!4m2!3m1!1s0xd4227289fac7f83:0x9bd447b9580dd8c6,,
Gracias Padre - Los Cabos Beach - Restaurante Mexicano,,https://www.google.com/maps/place/Gracias+Padre+-+Los+Cabos+Beach+-+Restaurante+Mexicano/data=!4m2!3m1!1s0xd4229630ac0b77b:0xdc12ab67037c7f51,,
Malafama Burger Pub,,https://www.google.com/maps/place/Malafama+Burger+Pub/data=!4m2!3m1!1s0xd418b487b40e333:0x7742c0917a6a48d4,,
Tasca Celso y Manolo,,https://www.google.com/maps/place/Tasca+Celso+y+Manolo/data=!4m2!3m1!1s0xd4228842f28c2c5:0x2eb32b748da33c58,,
Moemia Taberna,,https://www.google.com/maps/place/Moemia+Taberna/data=!4m2!3m1!1s0xd422f2f6615a3b5:0xc6dc6384d7bac334,,
Marzeah Taberna,,https://www.google.com/maps/place/Marzeah+Taberna/data=!4m2!3m1!1s0xd4229857a1330c9:0x1229c6b6b3408945,,
Órale un pedacito,,https://www.google.com/maps/place/%C3%93rale+un+pedacito/data=!4m2!3m1!1s0xd4228da08ccd0e5:0x1e3bccdb2921ab91,,
La Raquetista l Restaurante Retiro,,https://www.google.com/maps/place/La+Raquetista+l+Restaurante+Retiro/data=!4m2!3m1!1s0xd4228a4713aec91:0x2a593d58f04a10e9,,
Hermanos Vinagre,,https://www.google.com/maps/place/Hermanos+Vinagre/data=!4m2!3m1!1s0xd4229504cb21787:0x78b81b99bb98aef9,,
Bar Trafalgar,,https://www.google.com/maps/place/Bar+Trafalgar/data=!4m2!3m1!1s0xd422934d89cebb1:0xf698d03270b1d553,,
La Rayúa Gran Vía,,https://www.google.com/maps/place/La+Ray%C3%BAa+Gran+V%C3%ADa/data=!4m2!3m1!1s0xd42287cdbb87041:0xa660dff9d3a98cda,,
Restaurante Bestial by Rosi la Loca,tarta de queso,https://www.google.com/maps/place/Restaurante+Bestial+by+Rosi+la+Loca/data=!4m2!3m1!1s0xd4229c0f0a2d207:0xe7b8d60fe1fe4ba0,,
Yatai Market,,https://www.google.com/maps/place/Yatai+Market/data=!4m2!3m1!1s0xd422f78fae2553b:0x84cdc5b21bf9afe7,,
Tres por Cuatro,,https://www.google.com/maps/place/Tres+por+Cuatro/data=!4m2!3m1!1s0xd4228bb71cd412b:0xc0eb9b67cc4760a0,,
Katz Madrid - Restaurante · Obrador,,https://www.google.com/maps/place/Katz+Madrid+-+Restaurante+%C2%B7+Obrador/data=!4m2!3m1!1s0xd422902bb699d1b:0x822f1203cb52fc00,,
KultO,,https://www.google.com/maps/place/KultO/data=!4m2!3m1!1s0xd4228a1503fb04b:0x6872fa8a18836b68,,
L'Antica Trattoria,,https://www.google.com/maps/place/L'Antica+Trattoria/data=!4m2!3m1!1s0xd422902a37995f9:0xb77637733f088741,,
Summarium,,https://www.google.com/maps/place/Summarium/data=!4m2!3m1!1s0xd4227691d5bc57f:0x281c69190b8b116,,
Tiflis Restaurant,,https://www.google.com/maps/place/Tiflis+Restaurant/data=!4m2!3m1!1s0xd4229817b41db2d:0x89de51d16c30b61a,,
DIVORARE (Calle Sagasta),,https://www.google.com/maps/place/DIVORARE+(Calle+Sagasta)/data=!4m2!3m1!1s0xd4229004f0c080d:0xd37a5707ccfb7c7f,,
La esquina del paisa getafe,colombiano,https://www.google.com/maps/place/La+esquina+del+paisa+getafe/data=!4m2!3m1!1s0xd42218ecbb89d29:0xd06173c6aca0113f,,
La Madreña,Tarta de queso muy famosa,https://www.google.com/maps/place/La+Madre%C3%B1a/data=!4m2!3m1!1s0xd4228ee7bf3bab1:0x6ce01dd2f6e25246,,
La Casa Gabriel por A.Navarro,Caro,https://www.google.com/maps/place/La+Casa+Gabriel+por+A.Navarro/data=!4m2!3m1!1s0xd419975b2c55b9b:0xd6ab48a2fbc895db,,
Asador PanXon,"Un poco caro, casa de pias ",https://www.google.com/maps/place/Asador+PanXon/data=!4m2!3m1!1s0xd419975b11f628b:0x2b1f0dc542c972e,,
El Ranxo smokehouse,,https://www.google.com/maps/place/El+Ranxo+smokehouse/data=!4m2!3m1!1s0xd419908ca82d223:0x37c0a8c4bb656ce0,,
Pura Vida,Mexicano,https://www.google.com/maps/place/Pura+Vida/data=!4m2!3m1!1s0xd419973f7974b2d:0x38e1219d51f54b06,,
Punto Patagonia,argentino,https://www.google.com/maps/place/Punto+Patagonia/data=!4m2!3m1!1s0xd4199f2190a2813:0x319fbb229c70aee8,,
All'italiana Villanueva de la Cañada,,https://www.google.com/maps/place/All'italiana+Villanueva+de+la+Ca%C3%B1ada/data=!4m2!3m1!1s0xd4199775a149399:0x54e5d2362c1b0133,,
Makkao,Como el bakanal en fuenla ,https://www.google.com/maps/place/Makkao/data=!4m2!3m1!1s0xd419975186970e5:0x795d814ab33705dd,,
Docamar,Barato raciones españolas,https://www.google.com/maps/place/Docamar/data=!4m2!3m1!1s0xd422f4717fba587:0x5ef19860c73a62dd,,
Pistola,Bocadillos espectaculares y baratos ,https://www.google.com/maps/place/Pistola/data=!4m2!3m1!1s0xd4229950ef61c21:0x9b7a11021ee6c734,,
Petisqueira,Tapas gratis con bebida,https://www.google.com/maps/place/Petisqueira/data=!4m2!3m1!1s0xd422889993880a3:0x82396175c64d4199,,
Bodega Salvaje,Tapas gratis con bebida,https://www.google.com/maps/place/Bodega+Salvaje/data=!4m2!3m1!1s0xd4226342bfc7ef1:0x5acd06d0c00e5ea7,,
Triana,Tapas gratis con bebida,https://www.google.com/maps/place/Triana/data=!4m2!3m1!1s0xd4228a416474dd3:0xf646c7cc13b352d8,,
La Casa del Abuelo,Tapas gratis con bebida,https://www.google.com/maps/place/La+Casa+del+Abuelo/data=!4m2!3m1!1s0xd42288091f92477:0x2e0bfa76a492b5f0,,
Los Chicos Fábrica de Patatas Bravas,Tapas gratis con bebida,https://www.google.com/maps/place/Los+Chicos+F%C3%A1brica+de+Patatas+Bravas/data=!4m2!3m1!1s0xd42294dd0240463:0x8c68680de0c6d91f,,
Los Chicos Fábrica de Patatas Bravas,Tapas gratis con bebida,https://www.google.com/maps/place/Los+Chicos+F%C3%A1brica+de+Patatas+Bravas/data=!4m2!3m1!1s0xd422842abd6a5f9:0x509dcd453aadf7a,,
Restaurante Pazo Coruña,Tapas gratis con bebida,https://www.google.com/maps/place/Restaurante+Pazo+Coru%C3%B1a/data=!4m2!3m1!1s0xd4228a78e4121e3:0x91cf178aefc247e9,,
Tapería La Pequeña Graná.,tapas gratis con bebida,https://www.google.com/maps/place/Taper%C3%ADa+La+Peque%C3%B1a+Gran%C3%A1./data=!4m2!3m1!1s0xd422633c4eac3cf:0x3e927f93c9ae8af2,,
Indian Accent Madrid,,https://www.google.com/maps/place/Indian+Accent+Madrid/data=!4m2!3m1!1s0xd422987f8ce13b9:0x1ecb5f0f165d7e7c,,
Rangoli,,https://www.google.com/maps/place/Rangoli/data=!4m2!3m1!1s0xd42297d3ec4ffff:0x600207c9d3fa00f7,,
ATOCHA TANDOORI,,https://www.google.com/maps/place/ATOCHA+TANDOORI/data=!4m2!3m1!1s0xd42262e533a4637:0x2598e4f0cd2c0dc1,,
"CURRY & CANELA RESTAURANTE HINDU, INDIO, NEPALI",,"https://www.google.com/maps/place/CURRY+%26+CANELA+RESTAURANTE+HINDU,+INDIO,+NEPALI/data=!4m2!3m1!1s0xd4229f076fb0037:0xe5ce809184640f",,
Bombay Palace,,https://www.google.com/maps/place/Bombay+Palace/data=!4m2!3m1!1s0xd422789ab838ccb:0x7073b2aedfc047f1,,
Indian Aroma,,https://www.google.com/maps/place/Indian+Aroma/data=!4m2!3m1!1s0xd4228817478abc7:0x12dd922365e6c0ae,,
Moharaj,,https://www.google.com/maps/place/Moharaj/data=!4m2!3m1!1s0xd42262ae357ea99:0x2e3dced574cbdb80,,
Doli Indian Restaurant,,https://www.google.com/maps/place/Doli+Indian+Restaurant/data=!4m2!3m1!1s0xd4228ea957ede8f:0xf08840c028683738,,
Tandoori Station,,https://www.google.com/maps/place/Tandoori+Station/data=!4m2!3m1!1s0xd4228b739de8293:0xe9ab48dfa859bfd1,,
Restaurante Fathe Pur,,https://www.google.com/maps/place/Restaurante+Fathe+Pur/data=!4m2!3m1!1s0xd4228a6130a8a1d:0xc5ad823cd7358720,,
Udaipur Indian Cuisine,,https://www.google.com/maps/place/Udaipur+Indian+Cuisine/data=!4m2!3m1!1s0xd422950eb07cb4f:0xb756bdb41ef04772,,
Purnima Indian Cuisine,,https://www.google.com/maps/place/Purnima+Indian+Cuisine/data=!4m2!3m1!1s0xd4228b02b7270b3:0x50d9b9c0fe6a23f,,
Bangalore Modern Indian Cuisine,,https://www.google.com/maps/place/Bangalore+Modern+Indian+Cuisine/data=!4m2!3m1!1s0xd4228c76fe6b98b:0x9742027fbefac736,,
REGAÑADIENTES,,https://www.google.com/maps/place/REGA%C3%91ADIENTES/data=!4m2!3m1!1s0xd42295774fa9e73:0xc75806c114e1fde7,,
Restaurante El Caral,,https://www.google.com/maps/place/Restaurante+El+Caral/data=!4m2!3m1!1s0xd42271269ddcd47:0x8b938d8720b0565d,,
Banibanoo,,https://www.google.com/maps/place/Banibanoo/data=!4m2!3m1!1s0xd4228b0cc5e3dc3:0x950c24f3eb52162c,,
Tampu,,https://www.google.com/maps/place/Tampu/data=!4m2!3m1!1s0xd4228c4d34869a5:0xf9b6f43647bb985c,,
Restaurante Ceferino Parrilla Argentina,,https://www.google.com/maps/place/Restaurante+Ceferino+Parrilla+Argentina/data=!4m2!3m1!1s0xd4229826e623913:0xbdf8e06738a36c6d,,
Thaidy,,https://www.google.com/maps/place/Thaidy/data=!4m2!3m1!1s0xd4228a32a6ace23:0x1c8fa3098e1a8699,,
Kritikos - Cocina Griega Tradicional,,https://www.google.com/maps/place/Kritikos+-+Cocina+Griega+Tradicional/data=!4m2!3m1!1s0xd42288f508a63eb:0xcbcacd6565728ba6,,
Mune Prado,,https://www.google.com/maps/place/Mune+Prado/data=!4m2!3m1!1s0xd4229524ab7e02d:0x4dbfbeb1c11bfb80,,
Mune Pelayo,,https://www.google.com/maps/place/Mune+Pelayo/data=!4m2!3m1!1s0xd4229f5d9990627:0xbf76e63ed8bbd0f7,,
Le Bistroman Atelier,,https://www.google.com/maps/place/Le+Bistroman+Atelier/data=!4m2!3m1!1s0xd422946ecbd7abf:0x2796c279710931e5,,
Restaurante Al Mounia,,https://www.google.com/maps/place/Restaurante+Al+Mounia/data=!4m2!3m1!1s0xd42289af4a1913d:0xa2d704ac1b730ee2,,
Nunuka Restaurant Georgia,,https://www.google.com/maps/place/Nunuka+Restaurant+Georgia/data=!4m2!3m1!1s0xd42296f833c7601:0x9a30ddddc8aadaa9,,
Tortilla 2.0,,https://www.google.com/maps/place/Tortilla+2.0/data=!4m2!3m1!1s0xd42297412a578c1:0xa8c20942422ab7c3,,
La Tortilla Castiza,,https://www.google.com/maps/place/La+Tortilla+Castiza/data=!4m2!3m1!1s0xd42279414aaab4b:0x5350572093c38903,,
Tortillas Etiqueta Negra,,https://www.google.com/maps/place/Tortillas+Etiqueta+Negra/data=!4m2!3m1!1s0xd42294c3a47fcab:0x66eec69b50147d5d,,
Restaurante La Penela Velazquez,Tortilla,https://www.google.com/maps/place/Restaurante+La+Penela+Velazquez/data=!4m2!3m1!1s0xd4228954b9e6e1d:0x229e19eaaef0c155,,
Casa Paco,tortilla,https://www.google.com/maps/place/Casa+Paco/data=!4m2!3m1!1s0xd42286a53daebed:0x46e491b529b38f50,,
La Catapa,Tortilla,https://www.google.com/maps/place/La+Catapa/data=!4m2!3m1!1s0xd4229f3f5b26d71:0x15595baf7317a2c6,,
Jurucha,Tortilla,https://www.google.com/maps/place/Jurucha/data=!4m2!3m1!1s0xd4228968e45ea5f:0xd7e1f6fa515a32a0,,
Restaurante José Luis,tortilla,https://www.google.com/maps/place/Restaurante+Jos%C3%A9+Luis/data=!4m2!3m1!1s0xd4228eb9800ffc9:0x360d9e5c3447e68c,,
La Embajada de Embajadores,Tortilla,https://www.google.com/maps/place/La+Embajada+de+Embajadores/data=!4m2!3m1!1s0xd42274d377f7e39:0x17891e34cc121515,,
Bodega de la Ardosa,Tortilla,https://www.google.com/maps/place/Bodega+de+la+Ardosa/data=!4m2!3m1!1s0xd4228f45e7c366d:0xb15f47cdf8a6d3e,,
Bodega de la Ardosa,Tortilla,https://www.google.com/maps/place/Bodega+de+la+Ardosa/data=!4m2!3m1!1s0xd422888128612f3:0x85881175e523c211,,
Pez Tortilla Cara B,,https://www.google.com/maps/place/Pez+Tortilla+Cara+B/data=!4m2!3m1!1s0xd4229f9ef598d8d:0x5cd2b3123007106c,,
Pez Tortilla,,https://www.google.com/maps/place/Pez+Tortilla/data=!4m2!3m1!1s0xd4229304aaea6ad:0xe679a24744ab5c97,,
La Retasca,Tortilla,https://www.google.com/maps/place/La+Retasca/data=!4m2!3m1!1s0xd42295eb360cefd:0xe25888e897512b5d,,
La Taberna Errante,Tortilla,https://www.google.com/maps/place/La+Taberna+Errante/data=!4m2!3m1!1s0xd4227d78bec29e9:0xad5f4dc453b9244,,
Pizzería Rifugio,pizzas Napolitanas,https://www.google.com/maps/place/Pizzer%C3%ADa+Rifugio/data=!4m2!3m1!1s0xd4227d6c8988889:0xe45a94888a426127,,
Rasif | Restaurante libanes Madrid,,https://www.google.com/maps/place/Rasif+%7C+Restaurante+libanes+Madrid/data=!4m2!3m1!1s0xd42271eb880a74f:0xa0a73fd2d8c716a9,,
Casa Lucio,,https://www.google.com/maps/place/Casa+Lucio/data=!4m2!3m1!1s0xd41882c5525318d:0xeb780a568fee9de4,,
Barrutia y El Nueve,Tortilla,https://www.google.com/maps/place/Barrutia+y+El+Nueve/data=!4m2!3m1!1s0xd42288fa9c311fd:0xde6e2f93fd4cb505,,
L’entrecote Café de París,,https://www.google.com/maps/place/L%E2%80%99entrecote+Caf%C3%A9+de+Par%C3%ADs/data=!4m2!3m1!1s0xd42298513ba6f0b:0x924b03de942b2ea5,,
Restaurante Quinqué,Tortilla,https://www.google.com/maps/place/Restaurante+Quinqu%C3%A9/data=!4m2!3m1!1s0xd42291187ab67cd:0x2890f568445af281,,
Nacho Bravo Taquería,,https://www.google.com/maps/place/Nacho+Bravo+Taquer%C3%ADa/data=!4m2!3m1!1s0xd42271d4df8d87d:0x820fde9aa21cbe7f,,
Baraat,,https://www.google.com/maps/place/Baraat/data=!4m2!3m1!1s0xd42275df031b48b:0xd3a893caeaade531,,
La Lorenza,Tortilla,https://www.google.com/maps/place/La+Lorenza/data=!4m2!3m1!1s0xd4227e5249d8507:0xba2c19da6e118fda,,
La Martinuca- Café Bar,Tortilla,https://www.google.com/maps/place/La+Martinuca-+Caf%C3%A9+Bar/data=!4m2!3m1!1s0xd4229bf9d35ab19:0xccb7827db3bd2d78,,
Garelos - Furancho Gallego,Tortilla,https://www.google.com/maps/place/Garelos+-+Furancho+Gallego/data=!4m2!3m1!1s0xd4229806b05828f:0xb2776c9adecd62a2,,
LA REVOLUCIÓN BURGER,,https://www.google.com/maps/place/LA+REVOLUCI%C3%93N+BURGER/data=!4m2!3m1!1s0xd4229d36129dc49:0xc539c789a35d6ff9,,
Bar H emblemático,Tortilla ,https://www.google.com/maps/place/Bar+H+emblem%C3%A1tico/data=!4m2!3m1!1s0xd4229d564f273ab:0xb65db6792936e191,,
Taberna Pedraza,Hamburguesa y tortilla,https://www.google.com/maps/place/Taberna+Pedraza/data=!4m2!3m1!1s0xd4228a66c9c8e3d:0x1ae65cad4ff8e3cd,,
Restaurante Lakasa,,https://www.google.com/maps/place/Restaurante+Lakasa/data=!4m2!3m1!1s0xd4228f90fbc976b:0x4e18cc712a729231,,
Coquetto Bar,,https://www.google.com/maps/place/Coquetto+Bar/data=!4m2!3m1!1s0xd4229d1a0631595:0xea35bb2299af4c4b,,
BiBo Dani García,,https://www.google.com/maps/place/BiBo+Dani+Garc%C3%ADa/data=!4m2!3m1!1s0xd4228ec8f648c05:0x619b996f4d40b742,,
Restaurante Papagena,,https://www.google.com/maps/place/Restaurante+Papagena/data=!4m2!3m1!1s0xd42291dae40f5b5:0xc60914cac57cd176,,
Restaurante Ten Con Ten,Caro,https://www.google.com/maps/place/Restaurante+Ten+Con+Ten/data=!4m2!3m1!1s0xd42289144e3a021:0x4cb005dae2581c14,,
Il Posto di Principe | restaurante italiano en Chamartín,,https://www.google.com/maps/place/Il+Posto+di+Principe+%7C+restaurante+italiano+en+Chamart%C3%ADn/data=!4m2!3m1!1s0xd4229968d6a66d1:0x93ea59e953822b05,,
Al solito posto Madrid,,https://www.google.com/maps/place/Al+solito+posto+Madrid/data=!4m2!3m1!1s0xd422902a2bcbfe1:0x8aded69c2b6607fd,,
Trattoria Manzoni,,https://www.google.com/maps/place/Trattoria+Manzoni/data=!4m2!3m1!1s0xd4228f692b83ba9:0x1e015d3d13ea43bb,,
Restaurante La Piperna,,https://www.google.com/maps/place/Restaurante+La+Piperna/data=!4m2!3m1!1s0xd42290554f44a6d:0x768eea0509ebee4f,,
Pagus Pasta & Grill | Restaurante italiano Barrio Salamanca,,https://www.google.com/maps/place/Pagus+Pasta+%26+Grill+%7C+Restaurante+italiano+Barrio+Salamanca/data=!4m2!3m1!1s0xd42295681b18b0d:0x5c328a6beb16094b,,
Mandarosso,,https://www.google.com/maps/place/Mandarosso/data=!4m2!3m1!1s0xd4227322e1520ff:0xe9309098408aa5b0,,
El Bacaro de Fabio La Latina,,https://www.google.com/maps/place/El+Bacaro+de+Fabio+La+Latina/data=!4m2!3m1!1s0xd4229bd78b36199:0x6ecc0d9c4192ae06,,
Trattoria Sant Arcangelo,,https://www.google.com/maps/place/Trattoria+Sant+Arcangelo/data=!4m2!3m1!1s0xd422627801e6305:0x3cf1366f0946ad97,,
La Tavernetta,,https://www.google.com/maps/place/La+Tavernetta/data=!4m2!3m1!1s0xd42288e4a42112f:0xd30689c2c016e30e,,
Mercato Ballaró,,https://www.google.com/maps/place/Mercato+Ballar%C3%B3/data=!4m2!3m1!1s0xd42288c89aa5423:0xebb84b4da91075a1,,
Boccondivino,,https://www.google.com/maps/place/Boccondivino/data=!4m2!3m1!1s0xd42290800f9dbbf:0x1e4e88b600d12150,,
Noi,,https://www.google.com/maps/place/Noi/data=!4m2!3m1!1s0xd4229262367bbed:0x9a7232a9421b503d,,
Sua by Triciclo,,https://www.google.com/maps/place/Sua+by+Triciclo/data=!4m2!3m1!1s0xd422758e7970ea1:0xcdf132aba6ccd778,,
Mercado Maravillas,,https://www.google.com/maps/place/Mercado+Maravillas/data=!4m2!3m1!1s0xd4228ff3629bc6d:0xa25fc562535ab0a8,,
Ni Subo Ni Bajo,,https://www.google.com/maps/place/Ni+Subo+Ni+Bajo/data=!4m2!3m1!1s0xd4228f476c60e8b:0xbb5d436d25de04da,,
Insurgente,,https://www.google.com/maps/place/Insurgente/data=!4m2!3m1!1s0xd4229da6fc4ff6b:0x96794294a4e600f1,,
Restaurante SottoSopra Madrid,,https://www.google.com/maps/place/Restaurante+SottoSopra+Madrid/data=!4m2!3m1!1s0xd42295ba68c3b89:0x2dd5402dc5cdd3e9,,
OZIO GASTRONOMICO,,https://www.google.com/maps/place/OZIO+GASTRONOMICO/data=!4m2!3m1!1s0xd4229cd55fdf09b:0xfe6d9aa38c6e317c,,
Alduccio,,https://www.google.com/maps/place/Alduccio/data=!4m2!3m1!1s0xd4228e22ef7e695:0x6f69ca3b53c6cafd,,
Restaurante Abya,,https://www.google.com/maps/place/Restaurante+Abya/data=!4m2!3m1!1s0xd42292a098fd413:0x94c607277ace0176,,
Burmet Moncloa,,https://www.google.com/maps/place/Burmet+Moncloa/data=!4m2!3m1!1s0xd4229c4d59a27a3:0x1e1befc351a0799d,,
Burmet Chamartin,,https://www.google.com/maps/place/Burmet+Chamartin/data=!4m2!3m1!1s0xd4229aa767f0a7d:0x24a47e34ee5a3092,,
Burmet Arganzuela,,https://www.google.com/maps/place/Burmet+Arganzuela/data=!4m2!3m1!1s0xd422767a5f03b0d:0xdfc2bbad3f1c664c,,
focacciamo,,https://www.google.com/maps/place/focacciamo/data=!4m2!3m1!1s0xd42296dd666c8d9:0xb7471f4ebaf76539,,
Munchies by foodgoddess,,https://www.google.com/maps/place/Munchies+by+foodgoddess/data=!4m2!3m1!1s0xd4227d58d25548f:0xfb74daa27f256c5f,,
La Puerta Amarilla Burguers,,https://www.google.com/maps/place/La+Puerta+Amarilla+Burguers/data=!4m2!3m1!1s0xd4227382625e547:0x44605a3b49479f82,,
Cesar's burgers,,https://www.google.com/maps/place/Cesar's+burgers/data=!4m2!3m1!1s0xd4229a51e22461d:0xfd71f4e13f3ee60d,,
Circolo Popolare Madrid,,https://www.google.com/maps/place/Circolo+Popolare+Madrid/data=!4m2!3m1!1s0xd422905718bf665:0x76d800cd7761fb01,,
Restaurante Ultramarinos Quintin,Carete,https://www.google.com/maps/place/Restaurante+Ultramarinos+Quintin/data=!4m2!3m1!1s0xd4228976392dae3:0xbc2dfb9bbd10533a,,
Juan Raro,,https://www.google.com/maps/place/Juan+Raro/data=!4m2!3m1!1s0xd42262c8e20c287:0x994e64ecd5d68c62,,
Le Coco,,https://www.google.com/maps/place/Le+Coco/data=!4m2!3m1!1s0xd422886769640e5:0x25808d54ddf2b96b,,
El Imparcial,,https://www.google.com/maps/place/El+Imparcial/data=!4m2!3m1!1s0xd4227d59ba34439:0x52073249e37b748e,,
"LA CARBONERA - QUESOS, VINOS Y BUENA COMIDA",,"https://www.google.com/maps/place/LA+CARBONERA+-+QUESOS,+VINOS+Y+BUENA+COMIDA/data=!4m2!3m1!1s0xd42286447d033e1:0x3cb921c633b969e0",,
La Arepera,,https://www.google.com/maps/place/La+Arepera/data=!4m2!3m1!1s0xd422903f5d6960d:0x31af8fdc56a5b4f,,
La burlona bar,,https://www.google.com/maps/place/La+burlona+bar/data=!4m2!3m1!1s0xd42275b3670303b:0xaeb89cd750ef968b,,
Los Porfiados,,https://www.google.com/maps/place/Los+Porfiados/data=!4m2!3m1!1s0xd42262bc98decb1:0x445c108fbc3b4866,,
Fratelli Figurato Trattoria Popolare,,https://www.google.com/maps/place/Fratelli+Figurato+Trattoria+Popolare/data=!4m2!3m1!1s0xd42298f03127297:0x4a3201d602b8da68,,
La Tomata Eguilaz,,https://www.google.com/maps/place/La+Tomata+Eguilaz/data=!4m2!3m1!1s0xd4229261f6c3c67:0x18c5c862cad18c35,,
La Lupita,,https://www.google.com/maps/place/La+Lupita/data=!4m2!3m1!1s0xd422899cbd7b83b:0x11473d87ee5fb14f,,
Superchulo Fuencarral,,https://www.google.com/maps/place/Superchulo+Fuencarral/data=!4m2!3m1!1s0xd422861fbf36a47:0xbac2fd891f4d0925,,
Restaurante DCorazon,,https://www.google.com/maps/place/Restaurante+DCorazon/data=!4m2!3m1!1s0xd42287edd1a6be3:0x99ddcb952193dc3a,,
Limbo,,https://www.google.com/maps/place/Limbo/data=!4m2!3m1!1s0xd4229c8fd8a12ad:0x405c3ea0fd2f65a6,,
Cokima,,https://www.google.com/maps/place/Cokima/data=!4m2!3m1!1s0xd4229ee62172ca9:0xe79ad12d388025cb,,
TKO Tacos Clavel,,https://www.google.com/maps/place/TKO+Tacos+Clavel/data=!4m2!3m1!1s0xd4229a0f4f31a6b:0xd45e9ae0d3f5f7d6,,
El Tigre Sidra Bar,tapas por bebida,https://www.google.com/maps/place/El+Tigre+Sidra+Bar/data=!4m2!3m1!1s0xd42288685e1ab21:0xe3121cc3b13ea7f2,,
Aguapanela,,https://www.google.com/maps/place/Aguapanela/data=!4m2!3m1!1s0xd422972ed731cf3:0x40e2860e9e799450,,
Apura gourmet,,https://www.google.com/maps/place/Apura+gourmet/data=!4m2!3m1!1s0xd42296f40658dd1:0x4e085cfd6da460f0,,
La Malontina,Menú del dia 17€,https://www.google.com/maps/place/La+Malontina/data=!4m2!3m1!1s0xd422629b5775fad:0x1bca8445c2598f5c,,
Sahuaro Madrid,Menú del día ,https://www.google.com/maps/place/Sahuaro+Madrid/data=!4m2!3m1!1s0xd4227d5c390f193:0xf1402648f66530ea,,
Casa Dani,,https://www.google.com/maps/place/Casa+Dani/data=!4m2!3m1!1s0xd4228968e77f10b:0xd3392c5a957fa47e,,
La Tasca de Ventura,Menú del día 13.90€,https://www.google.com/maps/place/La+Tasca+de+Ventura/data=!4m2!3m1!1s0xd42286f9bd2a689:0xf71a1ed2e0fb6b28,,
La Charca Taberna,Menú del día 18€,https://www.google.com/maps/place/La+Charca+Taberna/data=!4m2!3m1!1s0xd42286febf3b183:0x6a419df5605fbea0,,
El Jefe Traveling Food,Menú del día 15€,https://www.google.com/maps/place/El+Jefe+Traveling+Food/data=!4m2!3m1!1s0xd4229e56b67e6cf:0x3e13f6b38ee68a08,,
CIRKuK Gastrobar,Menú del día 13.50€,https://www.google.com/maps/place/CIRKuK+Gastrobar/data=!4m2!3m1!1s0xd4229692c704c33:0xffd6c1e75e7ddfb1,,
Nonetta Madrid,Menú del día 15€,https://www.google.com/maps/place/Nonetta+Madrid/data=!4m2!3m1!1s0xd42296a189e416f:0xb7e5e3eeb6d055e2,,
Casa Suecia,Menú del día 19.95€,https://www.google.com/maps/place/Casa+Suecia/data=!4m2!3m1!1s0xd4229859afac2c1:0xaee7f7ff7741e6c2,,
Decadente,Menú del día 14.90€,https://www.google.com/maps/place/Decadente/data=!4m2!3m1!1s0xd42288198954449:0x7fc92c5fa22e570c,,
La Cabezona,,https://www.google.com/maps/place/La+Cabezona/data=!4m2!3m1!1s0xd42294e6445b1b9:0x4fc33ca15565db19,,
Casa Isabella,,https://www.google.com/maps/place/Casa+Isabella/data=!4m2!3m1!1s0xd42292fd6cb1855:0x82d5c2f997703e89,,
Chez Pepito,,https://www.google.com/maps/place/Chez+Pepito/data=!4m2!3m1!1s0xd42291a9f2b4b5d:0xf70b0dbe7eb37db,,
Parking Pizza CASTELLANA,,https://www.google.com/maps/place/Parking+Pizza+CASTELLANA/data=!4m2!3m1!1s0xd42290055f88d23:0x44b89d02940c83cb,,
400 Grados Pizza,,https://www.google.com/maps/place/400+Grados+Pizza/data=!4m2!3m1!1s0xd42291803b36095:0xb3f93e1330e63151,,
Parking Pizza MONTE ESQUINZA,,https://www.google.com/maps/place/Parking+Pizza+MONTE+ESQUINZA/data=!4m2!3m1!1s0xd4229005edfa48f:0xecf3ed0f18659734,,
Can Pizza,,https://www.google.com/maps/place/Can+Pizza/data=!4m2!3m1!1s0xd422903167e794f:0x1ba12c82849332e1,,
Persimmons - Georgian restaurant Madrid,,https://www.google.com/maps/place/Persimmons+-+Georgian+restaurant+Madrid/data=!4m2!3m1!1s0xd4229874be3b07b:0xbe48c781400e4082,,
BRICKELL Majadahonda The Original Burger - Hamburguesería,,https://www.google.com/maps/place/BRICKELL+Majadahonda+The+Original+Burger+-+Hamburgueser%C3%ADa/data=!4m2!3m1!1s0xd4185736006da99:0x5c10e671f59c4a8,,
Hot Now,,https://www.google.com/maps/place/Hot+Now/data=!4m2!3m1!1s0xd422886777e937b:0x8ab65b02f52cdfbe,,
Puntarena,,https://www.google.com/maps/place/Puntarena/data=!4m2!3m1!1s0xd42291e60a78479:0xc04b73ffa79481bf,,
MESTIZO - Restaurante Mexicano,,https://www.google.com/maps/place/MESTIZO+-+Restaurante+Mexicano/data=!4m2!3m1!1s0xd422885c1d7c32d:0x43f33e5256e2ebf5,,
Wacamole Restaurant,oferta hasta las 20-21 de tacos y chupitos a 1€,https://www.google.com/maps/place/Wacamole+Restaurant/data=!4m2!3m1!1s0xd422908aedbe14f:0x601d0b42f4d3c2ed,,
Bolus Burger,,https://www.google.com/maps/place/Bolus+Burger/data=!4m2!3m1!1s0xd42273e50a90d0d:0xea706aa2f429b93,,
Pacifico,,https://www.google.com/maps/place/Pacifico/data=!4m2!3m1!1s0xd4229a27405cc6f:0xcb7430981b42265f,,
Taquería Lupita - Conde de Xiquena,,https://www.google.com/maps/place/Taquer%C3%ADa+Lupita+-+Conde+de+Xiquena/data=!4m2!3m1!1s0xd422899ca29b4cf:0x2c9e1241db279186,,
La Birra Bar,,https://www.google.com/maps/place/La+Birra+Bar/data=!4m2!3m1!1s0xd4229f2a70a2a2f:0x18f213f3db217c95,,
Revuelto,,https://www.google.com/maps/place/Revuelto/data=!4m2!3m1!1s0xd422924cbd0a927:0x1f9ba3d281939bca,,
Alright López de Hoyos,,https://www.google.com/maps/place/Alright+L%C3%B3pez+de+Hoyos/data=!4m2!3m1!1s0xd4229b1e4332d7d:0xde1706328d268793,,
Xiongzai,,https://www.google.com/maps/place/Xiongzai/data=!4m2!3m1!1s0xd422865026a4835:0xe6aeedf83beeaaf0,,
Brisket Restaurante,Carne y tarta de queso,https://www.google.com/maps/place/Brisket+Restaurante/data=!4m2!3m1!1s0xd422944388951a5:0xf24b7c0c949c37da,,
Fismuler,,https://www.google.com/maps/place/Fismuler/data=!4m2!3m1!1s0xd42288ea97a3a43:0xa5512eefb2c6c0e4,,
Orellana House,,https://www.google.com/maps/place/Orellana+House/data=!4m2!3m1!1s0xd42297c79e09ff7:0x1942ee8f6b40b6b2,,
Passaparola L´Originale,,https://www.google.com/maps/place/Passaparola+L%C2%B4Originale/data=!4m2!3m1!1s0xd418840541d0367:0x5e89b40d88b50d40,,
"RESTAURANTE LA ISLA ALJAZEERA (COMIDA GASTRONOMÍA ÁRABE HALAL MARROQUÍ 
PERSA LIBANES) RESTAURANTES CON ENCANTO LEGANÉS MADRID",,https://www.google.com/maps/place/RESTAURANTE+LA+ISLA+ALJAZEERA+(COMIDA+GASTRONOM%C3%8DA+%C3%81RABE+HALAL+MARROQU%C3%8D+%0APERSA+LIBANES)+RESTAURANTES+CON+ENCANTO+LEGAN%C3%89S+MADRID/data=!4m2!3m1!1s0xd418bdd65f89415:0x420419b53bbc477,,
Restaurante Asador Errazki,,https://www.google.com/maps/place/Restaurante+Asador+Errazki/data=!4m2!3m1!1s0xd422095d403d987:0xa5b1cd59253e9632,,
Ineffabile Móstoles,,https://www.google.com/maps/place/Ineffabile+M%C3%B3stoles/data=!4m2!3m1!1s0xd418d5a23ebc1a7:0x7ebef1c1405db081,,
La Taguara de Mariamojito,,https://www.google.com/maps/place/La+Taguara+de+Mariamojito/data=!4m2!3m1!1s0xd418dc72bd30045:0x70696514f5b5985f,,
LAS LANZAS BURGER BAR,,https://www.google.com/maps/place/LAS+LANZAS+BURGER+BAR/data=!4m2!3m1!1s0xd418ba094d758c3:0xd8c87b453febd3cf,,
Ponzano Restaurante Coctelería,,https://www.google.com/maps/place/Ponzano+Restaurante+Cocteler%C3%ADa/data=!4m2!3m1!1s0xd418bb291362265:0x48fc0aed50a8fb1c,,
Restaurante Cocina Mediterránea Fuenlabrada LA ALFAROTECA,,https://www.google.com/maps/place/Restaurante+Cocina+Mediterr%C3%A1nea+Fuenlabrada+LA+ALFAROTECA/data=!4m2!3m1!1s0xd418b0365995555:0x5d37735ca5d199d1,,
Restaurante Cachopos El Quillo,"Cachopos, milanesas y tarta de queso manchego",https://www.google.com/maps/place/Restaurante+Cachopos+El+Quillo/data=!4m2!3m1!1s0xd4220c07c8586ad:0xcd13852c69b348c1,,
Balcón Gastrobar Restaurante,,https://www.google.com/maps/place/Balc%C3%B3n+Gastrobar+Restaurante/data=!4m2!3m1!1s0xd4221ae79c2f6bd:0xf3b8e15613af1769,,
Beefcious Getafe,hamburguesas ,https://www.google.com/maps/place/Beefcious+Getafe/data=!4m2!3m1!1s0xd4221005ffea12d:0xda1a827303c54590,,
Restaurante Gastrobar Pintxopote,,https://www.google.com/maps/place/Restaurante+Gastrobar+Pintxopote/data=!4m2!3m1!1s0xd4221a0745ee00d:0x79a23555813f90d3,,
La Tortería,,https://www.google.com/maps/place/La+Torter%C3%ADa/data=!4m2!3m1!1s0xd422185f4bf5359:0x82bf3877d053c242,,
Soul pizza,,https://www.google.com/maps/place/Soul+pizza/data=!4m2!3m1!1s0xd4221bda4fe05a9:0x9986c18a35064645,,
Restaurante La Trasiega,,https://www.google.com/maps/place/Restaurante+La+Trasiega/data=!4m2!3m1!1s0xd4220ce44a6e649:0x4511c8805a4f3606,,
Basant Indian Restaurant,,https://www.google.com/maps/place/Basant+Indian+Restaurant/data=!4m2!3m1!1s0xd4220a8de1eea67:0xf7aad1bf5f863acc,,
Restaurante El Libanés,,https://www.google.com/maps/place/Restaurante+El+Liban%C3%A9s/data=!4m2!3m1!1s0xd422115a0ae4067:0x40cf6ec88ff87a72,,
Bar restaurante El Venezolano,,https://www.google.com/maps/place/Bar+restaurante+El+Venezolano/data=!4m2!3m1!1s0xd422121901ba93b:0xc8897359fc17dea5,,
Ottica Restaurante,Mediterráneo fusión ,https://www.google.com/maps/place/Ottica+Restaurante/data=!4m2!3m1!1s0xd4228cd8f61717b:0x66a21b6322bd9e1c,,
Hamburguesas | QW Foodtruck Ópera,barato food truck,https://www.google.com/maps/place/Hamburguesas+%7C+QW+Foodtruck+%C3%93pera/data=!4m2!3m1!1s0xd42299bce357389:0x4bb4158267268d18,,
Restaurante Mild & Limon,tacos y margarita baratos,https://www.google.com/maps/place/Restaurante+Mild+%26+Limon/data=!4m2!3m1!1s0xd4229580adca95b:0xc5e637a0f59e87a6,,
Officina 22,Napolitano,https://www.google.com/maps/place/Officina+22/data=!4m2!3m1!1s0xd4227389d2dce5d:0x662e6c8ee5ac27b1,,
La Toscana,italiano barato ,https://www.google.com/maps/place/La+Toscana/data=!4m2!3m1!1s0xd4229ea398c9e99:0x80136e880f5a6507,,
Beer Joint Madrid,smash y cervezas,https://www.google.com/maps/place/Beer+Joint+Madrid/data=!4m2!3m1!1s0xd422741d4fb1f3d:0x3bc3fa13f6e5ab60,,
Soy Sohho,china de autor,https://www.google.com/maps/place/Soy+Sohho/data=!4m2!3m1!1s0xd4229f93a10edf1:0xdebe78c5f743dd99,,
Manteca Burgers | Hamburguesas Madrid,,https://www.google.com/maps/place/Manteca+Burgers+%7C+Hamburguesas+Madrid/data=!4m2!3m1!1s0x66ee7f5fc9172653:0x4066b2708f6d04dc,,
Los Secretos de Lola Restaurante,Como rosi la loca,https://www.google.com/maps/place/Los+Secretos+de+Lola+Restaurante/data=!4m2!3m1!1s0xd4227b323d35989:0xcce43f0ce383a8ef,,
Rosi La Loca,fancy ,https://www.google.com/maps/place/Rosi+La+Loca/data=!4m2!3m1!1s0xd4228794c010283:0x62b53647e666590f,,
Bar Gyoza Go!,gyozas,https://www.google.com/maps/place/Bar+Gyoza+Go!/data=!4m2!3m1!1s0xd4228793a6b814f:0xa0b8b3bb5fdc47db,,
Shangrila Bar Dimsum,Barato asiatico,https://www.google.com/maps/place/Shangrila+Bar+Dimsum/data=!4m2!3m1!1s0xd4229c08049b511:0xe1f07ae598ac4a36,,
Kricky Pelton,pancakes y smash,https://www.google.com/maps/place/Kricky+Pelton/data=!4m2!3m1!1s0xd4229eea42f162d:0x9ba3d8a68db578b6,,
Juancho's BBQ (Gabriel Lobo),,https://www.google.com/maps/place/Juancho's+BBQ+(Gabriel+Lobo)/data=!4m2!3m1!1s0xd42298e903fdd79:0x8bd67b9a4d036090,,
Juancho's BBQ (Goya),,https://www.google.com/maps/place/Juancho's+BBQ+(Goya)/data=!4m2!3m1!1s0xd4229b1289f29a3:0x8e85dbd78c10da16,,
Burnout Burgers,,https://www.google.com/maps/place/Burnout+Burgers/data=!4m2!3m1!1s0xd422860104c6f21:0xda49b615e6f16c31,,
MEAT,,https://www.google.com/maps/place/MEAT/data=!4m2!3m1!1s0xd42288ee147ead9:0xf7ebce233cb966a2,,
Milwaukee I Hamburguesas Madrid,,https://www.google.com/maps/place/Milwaukee+I+Hamburguesas+Madrid/data=!4m2!3m1!1s0xd4229b8cb8b2619:0xc8244b8b0b3badfd,,
Junk Burger,,https://www.google.com/maps/place/Junk+Burger/data=!4m2!3m1!1s0xd4229bc28f54ccd:0x467492b3b7926016,,
Gracias Padre - Margarita Beach - Restaurante Mexicano,,https://www.google.com/maps/place/Gracias+Padre+-+Margarita+Beach+-+Restaurante+Mexicano/data=!4m2!3m1!1s0xd4229a32ca28f35:0x5c98bd3b7704c3c6,,
HUNDRED,,https://www.google.com/maps/place/HUNDRED/data=!4m2!3m1!1s0xd422907d222666b:0xbd72067cae06430a,,
Caluana,Súper bonito y elegante,https://www.google.com/maps/place/Caluana/data=!4m2!3m1!1s0xd4229fb325d0a0d:0x67974a3570a622c4,,
Cherry Pecas,Mexicano,https://www.google.com/maps/place/Cherry+Pecas/data=!4m2!3m1!1s0xd42284506134c2d:0x2b5cbebd6ba7afd1,,
La Chingona Aravaca,Mexicano,https://www.google.com/maps/place/La+Chingona+Aravaca/data=!4m2!3m1!1s0xd41870b76dad70d:0x2823341360c39e65,,
El rey de los tacos,Tacos,https://www.google.com/maps/place/El+rey+de+los+tacos/data=!4m2!3m1!1s0xd422786214193c9:0x2dd8f142807ef8b1,,
Tiki Taco,Tacos mexicanos buenos baratos,https://www.google.com/maps/place/Tiki+Taco/data=!4m2!3m1!1s0xd4229e2a9bf99dd:0x1e22a63b6e71f260,,
Restaurante Tepic,Mexicano carete elegante,https://www.google.com/maps/place/Restaurante+Tepic/data=!4m2!3m1!1s0xd4228861540811f:0x3c9fbbb2ca0658ac,,
Takos Al Pastor,Mejores tacos de madrid,https://www.google.com/maps/place/Takos+Al+Pastor/data=!4m2!3m1!1s0xd42287dec736e4f:0x5156e65b93e6f08a,,
Restaurante Don Giovanni,Espectacular italiano,https://www.google.com/maps/place/Restaurante+Don+Giovanni/data=!4m2!3m1!1s0xd422618dd94bc3d:0xa4b200520520246d,,
Pante Cucina Siciliana,Italiano carete ,https://www.google.com/maps/place/Pante+Cucina+Siciliana/data=!4m2!3m1!1s0xd4229268f3820c7:0x5e53d5bdeda2003c,,
Numa Pompilio,Italiano elegante caro de pelotas,https://www.google.com/maps/place/Numa+Pompilio/data=!4m2!3m1!1s0xd422898216f9e11:0x1b6a353bb1230e5f,,
Pizzeria Felicitá,Italiano,https://www.google.com/maps/place/Pizzeria+Felicit%C3%A1/data=!4m2!3m1!1s0xd41893f60c22ebd:0xf76a7e31195c7148,,
Trattoria Dove Andiamo?,Italiano,https://www.google.com/maps/place/Trattoria+Dove+Andiamo%3F/data=!4m2!3m1!1s0xd418dff71a9a84f:0x74abce4f5775ce14,,
HOUSTON BURGER,Hamburguesas,https://www.google.com/maps/place/HOUSTON+BURGER/data=!4m2!3m1!1s0xd418f005664b097:0x4fa53cfaad6741dc,,
South Burger,Smash burguers ,https://www.google.com/maps/place/South+Burger/data=!4m2!3m1!1s0xd4221ece2837be3:0xafb00f45ba3e443,,
Beata Pasta,,https://www.google.com/maps/place/Beata+Pasta/data=!4m2!3m1!1s0xd4229f22c456043:0x684db88be5999a5,,
Pizzería Vesuvio,pizzería historica,https://www.google.com/maps/place/Pizzer%C3%ADa+Vesuvio/data=!4m2!3m1!1s0xd422887077d5c55:0xf36d4a9f4905e7bc,,
Chicago Style Pizza,Pizzas chicago ,https://www.google.com/maps/place/Chicago+Style+Pizza/data=!4m2!3m1!1s0xd4229338285a5f3:0xb83fc68778c010d5,,
Picsa,Pizzas,https://www.google.com/maps/place/Picsa/data=!4m2!3m1!1s0xd4228f9ef4e0a15:0x717f5305be332cd2,,
Nugu Burger,Hamburguesas envueltas por el pan,https://www.google.com/maps/place/Nugu+Burger/data=!4m2!3m1!1s0xd42298f4283526b:0xb42a0087c5234c2f,,
Casa Vila de Cruces,pulpo,https://www.google.com/maps/place/Casa+Vila+de+Cruces/data=!4m2!3m1!1s0xd4228bbd3300001:0x135f07540f299e29,,
Restaurante Manila Urban Grill,,https://www.google.com/maps/place/Restaurante+Manila+Urban+Grill/data=!4m2!3m1!1s0xd418d78118b34d5:0x35bf53ea20415475,,
Rocacho Plaza,,https://www.google.com/maps/place/Rocacho+Plaza/data=!4m2!3m1!1s0xd42290649101749:0x8bc220bcc09b2a87,,
